Names,Associated Names,Review
COURY HEALTH SERVICES LLC,"['COURY HEALTH SERVICE LLC', 'COURY HEALTH SERVICES INC', 'COURY HEALTH SERVICE INC', 'COURY HEALTH SERVICES DBA', 'COURY HEALTH SERVICES', 'THE COURY FIRM LLC', 'COUNRY HEALTH SERVICES LLC']","['ALERA GROUP INC DBA COURY HEALTH', 'ALERA GROUP INC DBA COURY HEALTH SV']"
ALDRICH BENEFITS LP,"['ALDRICH BENEFITS, INC.', 'ALDRICH BENEFITS LTD PARTNERSHIP', 'ALDRICH RETIREMENT SOLUTIONS LP', 'ALDRICH CPAS AND ADVISORS']",[]
UMR INC,"['UMR,INC.', 'UMR, INC. FINANCIAL SPECIAL SERVICE', 'UMR INC MARY GOSZ MAIL STOP 7320']",[]
FORREST T JONES & COMPANY INC,"['FORREST T JONES AND COMPANY INC', 'FORREST JONES & CO. INC.', 'FORREST T. JONES & CO., INC.', 'FORREST T JONES CONSULTING COMPANY']",[]
FIAI INC,['FIAHC INC'],[]
COMBINED SERVICES,"['COMBINED SERVICES INC', 'COMBINED SERVICES LLC', 'COMBINED SERVICES LIMITED', 'COMBINED SEVICES LLC', 'COMBINED SERVICES LLC DBA', 'CONBINED SERVICES LLC', 'COMBINED SERVICES LLD', 'COMBINES SERVICES, LLC', 'COMBINED INSURANCE SERVICES', 'COMBINED SERVICES LIMITED LIAB', 'COMBINED SERVICES LLC CSONE', 'COMBINED SERVICES LTD LIABILITY CO', 'COMBINED SERVICES LLA DBA CSONE', 'COMBINED SERVICES LLC CSONE BENEFIT', 'COMBINED SERVICES LLC/CSONE BENEFIT', 'COMBINED GROUP INSURANCE SERVICES', 'COMBINED BENEFITS', 'COMBINED SERVICE LIMITED LIABILITY', 'COMBINED SERVICE LIMITED LIABILTIY', 'COMBINED GROUP', 'COMBINED SERVICES DBA CSONE', 'COMBINED GROUP INS. SERVICES, INC.', 'COMBINED INS SVCS AND OTHER AGENTS', 'COMBINED INS SERVICES OF N FL INC', 'COMBINED INS SERVICES OF NORTH FL I', 'COMBINED INSURANCE SVCS INC', 'COMBIND SERVICES, LLC', 'COMBINED INS. SERVICES OF N. FL.', 'COMBINED INS SERVICES OF NORTH FL', 'COMBINED INS SVCS INC', 'COMBINED SERVICES LLC DBA CS ONE BE', 'COMBINED BENEFITS INC', 'COMBINED SERVICES DBA CSONE BEN SOL', 'COMBINED SERVICES LLC DBA CSONE', 'COMBINED BENEFITS ADMINISTRATORS', 'COMBINED INSURANCE LLC', 'COMBINED INSURANCE SERVICES OF N FL', 'COMBINED INSURANCE SERVIVES OF N FL', 'COMBINED SERV LLC DBA CSONE BEN SOL']",[]
CROSS INSURANCE,"['CROSS INSURANCE INC', 'CROSS INSURANCE AGENCY', 'CROSS INSURANCE SERVICES, INC.', 'CROSS INSURANCE-CONNECTICUT', 'CROSS FINANCIAL INSURANCE', 'CROSS INSURANCE - MANCESTER', 'CROSS INSURANCE-SHELTON', 'CROSS INSURANCE INC - CT', 'CROSS INSURANCE-BANGOR', 'CORSS INSURANCE', 'CROSS INSURANCE-WAKEFIELD', 'CROSS INSURANCE MANCHESTER', 'CROSS INSURANCE - WAKEFIELD', 'CROSS INSURANCE - NEW YORK INC', 'CROSS INSURANCE INC. CONNECTICUT', 'CROSS INSURANCE BANGOR', 'CROSS INSURANCE, INC. - NH', 'CROSS INSURANCE DBA BUS. BENEFITS', 'CROSS INSURANCE WAKEFIELD', 'CROSS INSURANCE, INC.-NEW HAMPSHIRE', 'CROSS INSURANCE INC - CT DBA CROSS', 'CROSS INSURANCE INC NEW HAMPSHIRE', 'CROSS INSURANCE INC MAINE', 'CROSS INSURANCE-WAKEFIELD, INC', 'CROSS INSURANCE, INC - NH/BANGOR ME']",[]
EBCA GENERAL AGENCY - BDG THIRD PAR,"['EBCA GENERAL AGENCY -BDG', 'EBCA GENERAL AGENCY - BDG TPA', 'EBCA GENERAL AGENCY', 'EBCA GENERAL AGENCY - GDG TPA']",[]
ASSOCIATED AGENCIES INC,"['ASSOCIATES AGENCY INC', 'ASSOCIATED INSURANCE AGENCIES INC']",[]
GIS BENEFITS INC,"['GIS BENEIFITS INC', 'GIS BENEFIT INC', 'GIS BENFITS INC', 'GIS BENEFITS LLC', 'GIS BENEFIT SERVICES INC', 'GIS BENEFIS INC.', 'GIS BENEFITS,INC.', 'GIS BENEIFTS INC', 'GIS BENEFITS INC DBA GIS', 'GIS BENEFITS INC. 70-5383', 'GIS BENEFITS IND', 'GIS BENEFIT SERVICES', 'GIS BENEFITS INC. 70-8714', 'GIS BENEFITS INC DBA GIS COMMU', 'GIS BENEFITS', 'GIS BENEFITS ADVISORS LLC', 'GIS BENEFITS INC DBA GIS COMMUNICAT', 'GIS BENEFITS INC DBA GIS COMMUNITY', 'GIS BENEFITS INC. 70-5627', 'GIS BENEFTS INC', 'GIS BENEFITS, INC/MARK MELITTE', 'GIS BENEFITS INCE', 'GIS BENEFITS IN', 'GIS BENEFTIS INC', 'GIS BENESTIS INC', 'GIS BENEFITS INC HOME OFFICE TPA', 'GIS BWENEFITS INC', 'GIS BENEFITS VB TRUST', 'GIS BENEFITS AND INSURANCE SERVICES', 'GIS BENEITS INC', 'GIS BENEFITS DBA GIS COMMUNICATIONS', 'GIS BENEFITS INC. AND JENNON CARUTH', 'GIS BENEFITS HEARTLAND', 'GIS BENEFITS INC. DBA KIRCHNER GIS', 'GIS BENEFITS IJC.', 'GIS BNENFITS INC', 'GIS BENEFITS VB TRST PRODUCER BONUS']",[]
FNA INSURANCE SERVICES,"['FNA INSURANCE SERVICES LLC', 'FNA INSURANCE SERIVCES INC.', 'FNA INSURANCE', 'FNA INSURANCE SERVCES, INC.', 'FNA INSURANCES SERVICES IN', 'FNA INSURANCE SERVICES INC-GA', 'FNA INSURNACE SERVICES INC', 'FNA INSURANCE SERVICES, INC. - GA', 'FNA INSURANCE SERVICES, INC - EB', 'FNA INURANCE SERVICES, INC.', 'FNA INSURANCE SERVICES, INC. C/O HU', 'FNA INSRUANCE SERVICES INC', 'FNA SERVICES INC']",[]
HIGGINBOTHAM INSURANCE AGENT,"['HIGGINBOTHAM INSURANCE', 'HIGGINBOTHAM INS AGENCY', 'HIGGINBOTHAM INSURANCE AGENCY INC', 'HIGGINBOTHAM INSURANCE COMPANY', 'HIGGINBOTHAM INSUARNCE AGENCY', 'HIGGINBOTHAM INSUANCE AGENCY INC', 'HIGGINBOTHAM INSURACE AGENCY INC', 'HIGGINBOTHAM INSURANCE AGY INC', 'HIGGINBOTHAM INSURANCE AGENCY LLC', 'HIGGENBOTHAM INS AGENCY', 'HIGGINBOTHAM AGENCY INC', 'HIGGINBOTHAM INS AGY INC', 'HIGGINGBOTHAM INSURANCE AGENCY', 'HIGGONBOTHAM INS AGENCY INC', 'HIGGINBOTHEM INSURANCE AGENCY', 'HIGGINBOTHAM INS AGENCY INC-AUSTIN', 'HIGGINBOTHAN INSURANCE AGENCY INC', 'HIGGINBOTHAM INS AGENCY INC-TENNESS', 'HIGGINBOTTOM INSURANCE AGENCY', 'HIGGINBOTHAM & ASSOCIATES', 'HIGGINBOTHAM & ASSOCIATES INC', 'HIGGINBOTHAM AND ASSOCIATES', 'HOGGINBOTHAM INSURANCE AGENCY, LLC', 'HIGGINBOTHAM COMPANY']",[]
COBB ALLEN & HALL OF LA INC,"['COBBS ALLEN & HALL OF LA INC', 'COBB, ALLEN & HALL INC', 'COBBSD ALLEN & HALL INC', 'COBB-ALLEN & HALL', 'COBBS ALLEN AND HALL INC', 'COBBS-ALLEN & HALL INC', 'COBBS ALL & HALL OF LA INC', 'COBBS ALLEN & HALL', 'COBBS ALLEN HALL INC', 'COBBS-ALLEN & HALL', 'COBBS, ALLEN & HALL INC. BIRMINGHAM']",[]
DIGITAL INSURANCE LLC,"['DIGITAL INSUANCE LLC', 'DIGITALINSURANCE LLC', 'DIGITAL INSURANCE , LLC', 'DIGITAL INSURANCELLC', 'DIGIAL INSURANCE LLC', 'DIGITAL INSURANCE COMPANY LLC', 'DIGITIAL INSURANCE LLC', 'DIGITAL INCURANCE LLC', 'DIGITAL INSURNACE LLC', 'DIGITAL INSRANCE LLC', 'DIGITAL INSURANCE AGENCY LLC', 'DIGITAL ISNURANCE LLC', 'DIGITAL INSURAMCE LLC', 'DIGITAL INSURANCE , INC', 'DIGITAL INSURANCE,INC', 'DIGITAL INSURANCE LLC2805', 'DIGITAL INSURANCEE INC', 'DIGITAL INSURANCE COMPANY', 'DIGITAL INSURANCE LLC TOTAL', 'DIGITAL INUSRANCE, LLC', 'DIGITAL INSUANCE INC', 'DIGITALINSURANCE INC', 'DIGITAL INSURANCE LLC & AGENTS', 'DIGITAL INSURANCE CO', 'DIGITAL INSURANCE INC DBA', 'DIGIAL INSURANCE, INC', 'DIGITAL INSURACE INC', 'DIGITAL INSURANCE IND.', 'DIGITAL INSURANCE LLC ATLANTA GA', 'DIGITAL INSURANCE AGENCY', 'DIGITAL INSURANCE INCORPORATE', 'DIGITIAL INSURANCE INC', 'DIGITAL INSURANCE INC. NEW YORK NY', 'DIGITAL INSURANCE LLC ATTN ACCOUNT', 'DIGITAL INSURANCE', 'DIGITAL INSURNCE INC', 'DIGITAL INSURANCE INC GA', 'DIGITAL INSURANCE, LLC AND AGENTS', 'DIGITAL INSURANCE LLC BSG', 'DIGITAL INSURANCE ADVISORS', 'DIGITAL INSURANCE GROUP', 'DIGITIAL INSURANCE', 'DIGITAL INSURANCE LLC - ACCT 132980', 'DIGITAL INSURANCE IN', 'ONEDIGITAL INSURANCE LLC', 'DIGITAL INSURANCE INC-GA', 'DIGITAL INS LLC', 'DIGTIAL INSURANCE LLC']",[]
USI INSURANCE SERVICE LLC,"['USI INSURANCE SERIVCES LLC', 'USI INSURANCE SERICES LLC', 'USI INSURANCE SERVICESLLC', 'USI INSURANCE SERVCIES LLC', 'USI INSURANCE LLC', 'USI INSURACE SERVICES LLC', 'USI INSURANE SERVICES LLC', 'USI INSURANCEE SERVICES LLC', 'USI INSURANCE SERVCES LLC', 'USI INSURANCE SEVICES LLC', 'USI INSURANCE SERVIES LLC', 'USI INSURANCE SERVICES INC', 'USI INSURANCE COMPANY LLC', 'USI INSURANCE SERVIECS LLC', 'USI INSURANCE SVCS LLC', 'USI INSURANCE SERVICE', 'USI INSURANCE SERVIVES LLC', 'USI INSURANCE SERVILCES LLC', 'USI INSURANCE SERVICES USA', 'USI INSURNCE SERVICES LLC', 'USI INSURANCESERVICES LLC', 'USI INSURANCE AGENCY LLC', 'USI INSURANCE SERVCIES', 'USI INSURANCE SERVIES', 'USI INSURANCE SERVICES NATIONAL LLC', 'USI INSUANCE SERVICES', 'USI INSURANCE SRERVICES LLC', 'USI INSURANCE SERVICES CORP', 'USI INSURANCE SERVICS CORP', 'USI INSURANCE SVCS', 'USI INSURANCE COMPANY', 'USI INSURANCE', 'USI INSURANCE SRV LLC', 'USI INSURANCE SERVICES NA', 'USI INSURANCE SERVICES CORPORATION', 'USI INSURANCE SERVICE LIC', 'USI INSURANCE SERVICES LLC-WI', 'USI INSURANCE SERVICES NATIONA', 'USI INSURANCE SERVICES LLC- SOUTHEA', 'USI INSURANCE SERVUCES', 'USI INSURANCE SERVICES LLC DELWARE', 'USI INSURANCE SERVICES LLC TOTAL', 'USI INSURANCE SERVICES LLC (LA)', 'USI INSURANCE SERVICES LLC (RI)', 'USI INSURANCE SERVICES L', 'USI INSRUANCE SERVICES LLC', 'USI INSURANCE SVCS NATIONAL, LLC', 'USI INSURNCE SERVICES', 'USI INSURANCE SERVICES OF NJ', 'USI INSURANCE SERVICES LLC - WI']",[]
AUSTIN BENEFITS GROUP,"['AUSTIN BENEFITS GROUP LLC', 'AUSTIN BENEFITS GROUP, INC.']",[]
AUSTIN FINANCIAL GROUP LLC,"['AUSTIN FINACIAL GROUP LLC', 'AUSTIN FINANCIAL GROUP, INC.']",[]
LUCIDO MORRIS ASSOCIATES LLC,['LUCIDO MORRIS ASSOCIATES'],[]
SCHWENDEMAN AGENCY INC,"['SCHWENDEMAN AGENCY,INC.']",[]
KEYSTONE INSURANCE BENEFITS GROUP,"['KEYSTONE INSURANE & BENEFITS GROUP', 'KEYSTONE INS. BENEFITS GROUP LLC', 'KEYSTONE INS. AND BENEFITS GROUP', 'KEYSTONE INS & BENEFITS GROUP', 'KEYSTONE INSURANCE & BENEFITS', 'KEYSTONE INSURANCE AND BENEFITS', 'KEYSTONE INSURANCE & EBENFITS GROUP', 'KEYSTONE INSURANCE GROUP, INC.', 'KEYSTONE BENEFIT GROUP', 'KEYSTONE INSUR & BENEFITS GRP LLC', 'KEYSTONE INSURERS GROUP INC', 'KEYSTONE INSURANCE & BEN GROUP', 'KEYSTONE INSURANCE', 'KEYSTONE INSURERS GROUP LLC', 'KEYSTONE BENEFIT GROUP LLC', 'KEYSTONE INS & BENEFITS GRP LLC', 'KEYSTONE INSURANCE SERVICES INC', 'KEYSTONE INS AND BENEFITS GRP LLC', 'KEYSTONE BENEFITS GROUP, INC.(GREEN', 'KEYSTONE INSURERS & BNFTS GROUP LLC', 'KEYSTONE BENEFIT GROUP (UBA OF FL)', 'KEYSTON INS AND BENEFITS GROUP LLC', 'KEYSTONE INSURANCE & BNFTS GRP LLC', 'KEYSTONE INS. AND BNFTS GROUP LLC', 'CENTERSTONE INSURANCE-BENEFITMA', 'KEYSTONE INS & BNFTS GROUP LLC']",[]
CASCADE VALLEY INSURANCE,"['CASCADE VALLEY INS, INC']",[]
MCGRIFF INSURANCE,"['MCGRIFF INSURANCE COMPANY', 'MCGRIFF INSURANCE SERVICE', 'MCGRIFF INSURANCE SERIVCES', 'MCGRIFF INSURANCE SERVIES', 'MCGRIFF INSURANCE SEVICES', 'MCGRIFF INSURANE SERVICES', 'MCGRIFF INSURANCE SERVCIES', 'MCGRIFF INSURANCE SERICES INC', 'MCGRIFF INSURANCE SERVICE LLC', 'MCGRIFF INSURACE SERVICES INC', 'MCGRIFF INSURANCE SERVICES,LLC', 'MCGRIFF INSURANACE SERVICES INC', 'MCGRIFF INSURANCE SERVICEES INC', 'MCGRIFF INSURANCES SERVICES', 'MCGRIFF INSURANCE SERVICES SC', 'MCGRIFF INSURANCE SERICES, LLC', 'MCGRIFF INSURANCE SVCS', 'MCGRIFF INSURANCE SERVUCES', 'MCGRIFF INSURANCE SERVICES INC CHAR', 'MCGRIFF INURANCE SERVICES INC', 'MCGRIFF INSURANCE SERCICES INC', 'MCGRIFF-WILLIAMS INSURANCE', 'MCGRIFF INSUARNCE SERVICES INC', 'MCGRIFF INSRUANCE SERVICES LLC', 'MCGRIFF INSURANCE SERVICES INC BARG', 'MCGRIFF INSURANCE SERVICES/FREIBERG', 'MCGRIFF INSURANCE SERVICES C', 'MCGRIEFF INSURANCE SERVICE', 'MCGRIFF INSURANCE SERVICES RALEIGH', 'MCMCGRIFF INSURANCE SERVICES INC.', 'MCGRIFF INSURANCE SERVICES - GREENS', 'MCGRIFF INSURANCE SERVICE EB COMM', 'MCGRIFF INSURANCE SERVICES - DURHAM', 'MCGRIFF INSURANCE SERV (FREIBERG)', 'MCGRIFF INSURANCE SERVICES LEX KY', 'MC GRIFF INSURANCE SERVICES LLC', 'MCGRIFF INSURANCE SERVICES INC EB C', 'MCGRIFF INSURANCE EB COMMISSION', 'MCGRIFF INSURANCE SERVICES - MEMPHI', 'MCGRIFF INSURANCE SERVICES/STEEN', 'MCGRIFF INSURANCE DBA FBP INSURANCE', 'MCGRIFF INSURANCE SERVICES--DOUGLAS', 'MCGRIFF INSURANCE SERVICES EM COMM', 'MCGRIFF INSURANCE SERVICES INC - XH', 'MCGRIFF INSURANCE SERVICES-MEMPHIS', 'MARMCGRIFF INSURANCE SERVICES INC', 'MCGRIFF INS SERVICES', 'MCGRIFF INSURANCE SERVICES-CHARLOTT', 'MCGRIFF INSURANCE SERVICES - BARGER', 'MCGRFF INSURANCE SERVICES INC']",[]
MERCER HEALTH AND BENEFITS,"['MERCER HEALTH & BENIFITS', 'MERCER HEALTH & BENFITS', 'MERCER HEALTH BENEFITS', 'MERCER HEALTH AND BENEFITS SERVICE', 'MERCER HEALTH AND BENEFITS INC', 'MERCER HEALTH AND BENEFITS ADMIN', 'MERCER HEALTH AND BENEFITS ADMINIST', 'MERCER HEALTH & BENEFITS ADMINIS', 'MERCER HEALTH AND BENEFITS,LLC', 'MERCER HEALTH & BENEFITS-HON', 'MERCER HEALTH & BENEFITS ST', 'MERCER HEALTH BENEFITS ADMIN', 'MERCER HEALTH AND BENEFITS AD', 'MERCER HEALTH & BENEFITS, INC.', 'MERCER HEALTH AND BENEFITS LL', 'MERCER HEALTH & BENFITS LLC', 'MERCER HEALTH & BENEFITS,LLC', 'MERCER HEALTH AND BENFITS, LLC', 'MERCER HEALTH AN BENEFITS, LLC', 'MERCER HEALTH BENEFITS LLC', 'MERCER HEALTH & BENEFITS 4565', 'MERCER HEALH & BENEFITS', 'MERCER HEALTH AND BENEFIT ADMIN', 'MERCER HEALTH AND BENEFITS - URB', 'MERCER HEALTH AND BENEFITS LLC HON', 'MERCER HEALTH & BENEFIT ADMIN', 'MERCER HEALTH BENEFITS ADMIN LLC', 'MERCER HELATH BENEFITS, LLC', 'MERCER HEALTH & BENFEITS, INC.', 'MERCER HEHLTH & BENEFITS', 'MERCER HEALTH & BENEFITS ADMIN 4059', 'MERCER HEALTH AND BENEFIT LLC', 'MERCER HEALTH & BENEFITS - PHILADEL', 'MERCER HEALTH & BENEFIT LLC', 'MERCER HEALTH & BENEFITS - URB', 'MERCER HEALTH & BENEFITD LLC', 'MERCER HEALTH & BENEIFTS ADMIN', 'MERCER HELATH AND BENEFITS, LLC', 'MERCER HEALTH & BENEFITS- CHI', 'MERCER HEALTH & BENFITS ADMIN LLC', 'MERCER HEALTH AND BENEFITS LLC 1943', 'MERCER HEALTH & BENEFITS - LOUISVIL', 'MERCER HEALTH & BENEFIS LLC', 'MERCER HEALTH & BENEFITS ADM LLC', 'MERCER HEALTH & BENEFITS OFC', 'MERCER HEALTH & BENEFIT LCC', 'MERCER HEALTH AND BENEFITS ADVISORS', 'MERCERHEALTH & BENEFITS LLC', 'MERCER HEALTH & BENEFITS ADMIN INC.', 'MERCER HEALTH & BENEFITS - NEW YORK']",[]
MARSH AND MCLENNAN AGENCY,"['MARSH AND MCLENNON AGENCY', 'MARSH Y MCLENNAN AGENCY', 'MARSH AND MCLENAN AGENCY', 'MARSH & MCLENNAN AGENCY LC', 'MARSH & MCLENNAN AGENCY INC', 'MARSH & MCELNNAN AGENCY', 'MARSH AND MCENNAN AGENCY', 'MARSH & MCLENNA AGENCY', 'MARSH AND MCLENNEN AGENCY LLC', 'MARSH & MCLENNAN AGENCYLLC', 'MARSH AND MCLENNAN AGENCY,LLC', 'MARSH MCLENNAN AGENCY', 'MARSH & MCLELLAN AGENCY', 'MARSH & MCLENNAN SGENCY LLC', 'MARSH AND MCLENNAN AGENCY NE', 'MARSH & MCLENNAN AGENCY LLC CO', 'MARSH & MCLENNN AGENCY LLC', 'MARSH & MCLENNON AGENCY LLC', 'MARSH & MCLENNAM AGENCY LLC', 'MARSHA & MCLENNAN AGENCY', 'MARSH MCLENNAN AGENCY LLC', 'MARSH & MCLELLAN AGENCY INC', 'MARSH & MCELNNAN AGENCY LLC', 'A MARSH & MCLENNAN AGENCY LLC', 'MARSH & MCLENNAN AGENCY, LLC-M', 'MARSH AND MCLENNAN AGENCY & OTHERS', 'MARSH & MCLENNEN AGENCY LLF', 'MARSH & MCLENNAN AGCY', 'MARHS AND MCLENNAN AGENCY', 'MARSH & MCLENNAN AGENCY L', 'MARSH & MCCLENNAN AGENCY LLC COMPAN', 'MARSH & MCLENNAN AGENCY LLC PA', 'MARSH & MCLENNAN AGENY LLC', 'MARSH AND MECLENNAN AGENCY', 'MARSH & MCLENAN AGENCY LLC', 'MARSH AND MCLENNAN AGENCY LLNEAC', 'MARSH & MACLENNAN AGENCY LLC', 'MARSH & MCENNAN AGENCY LLC', 'MARSH & MCCLENNAN AGENCY COMPANIES', 'MARSH & MCLENNA AGENCY LL', 'MARSH MCLELLAN AGENCY LLC', 'MARSH & MCLENNAN AGENGY LLC', 'MARSH AND MCLENNAN AGCY LLC', 'MARSH & MCLENNAN AGENCY LLC DBA', 'MARSH & MECLENNA AGENCY', 'MARSH AND MCKENNAN AGENCY LLC', 'MARSH & MCLANNAN AGENCY LLC', 'MARSH & MCLENNAN AGCY LLC', 'MARSH & MCLENNAN AGECNCY INC', 'MARSH & MCLENNAN EGENCY LLC']",[]
GALAGHER BENEFIT SERVICES INC,"['GALLAGHER BENEFIT SERICES INC', 'GALLAGHER BENEFIT SERVICE INC', 'GALLAGHER BENEFIT SERIVES INC', 'GALLAGHER BENFIT SERVICES INC', 'GALLAGHER BENEFIT SERVICES,INC', 'GALLAGHER BENEFIT SERVIES INC', 'GALLAGHER BENEFIT SERVCIES INC', 'GALLAGHER BENEFIT SERVICES CA', 'GALLAGHER BENEFIT SERVICES INC LA', 'GALLAGHER BENIFIT SERVICES, INC.', 'GALLAGHER BENEFIT SERV INC', 'GALLAGHER BENEFIT SERVICES CORP', 'GALLAGHER BENEFIT INC', 'GALLAHER BENEFIT SERVICES INC', 'GALLAGHER BENEFIT SERVICE,INC', 'GALLAGHER BENEFIT SERVICES INC TOTA', 'GALLGHER BENEFIT SERVICES INC', 'GALLAGHER BENEFIT SVCS INC', 'GALLAGHER BENEFIT SERVICS INC', 'GALLAGHER BENEFITS SERVICE INC', 'GALLAGHER BENEFITSERVICES INC', 'GALLAGHER BENEFIT SERVICES DBA', 'GALLAGHE BENEFIT SERVICES INC', 'GALLAGHER BENEFIT SERVICES INC OMA', 'GALLAGHER BENEFIT SERVICES LA', 'GALLAGHER BENEFIT SERVICES STE T', 'GALLAGHER BENEFIT SERVICES IN', 'GALLAGHER BENEFIT SVC INC', 'GALLAGHER BENEFIT SERVICES BR', 'GALLAGHER BENEFIT SERVICES OF CO', 'GALLAGHER BENEFIT SERVICES INC NAT', 'GALLGER BENEFIT SERVICES INC.', 'GALLAGHER BENEFIT SERVICES-SC', 'GALLAGHER BENEFIT SERVICE, LLC.', 'GALLAGHER BENEFIR SERVICES', 'GALLAGHER BENEFIT SERVICES IL', 'GALLAGHER BENEFITS SERVICES', 'GALLAGHER BENEFIT SVCS INC OF', 'GALLAGHER BENEFIT SERVICE OF CA', 'GALLAGHER BENEFT SERVICES INC', 'GALLAGER BENEFIT SERVICES INC', 'GALLAGHER BENEFIT SOLUTIONS', 'GALLAGHER BENEFIT SERVIVES, INC.', 'GALLAGHER BENEFIT SERVICES INC--MAR', 'GALLAGHER BENEFIT SERVICES INC OF H', 'GALLACHER BENEFIT SERVICE INC', 'GALLAGHER BNEEFIT SERVICES, INC.', 'GALLAGHER BENEFIT SERVICES OF CA', 'GALLAGHER BENEFIT SERVICES INC-SIOU', 'GALLAGHER BENEFITS SERV INC']",[]
SHAWN MARQUIS AGENCY INC,"['SHAWAN MARQUIS AGENCY', 'SHAWAN-MARQUIS AGENCY, INC.', 'SHAWAN MARGUIS AGENCY INC', 'SHAWAN MARQUIS AGNECY INC']",[]
JAMES OSWALD COMPANY,"['THE JAMES OSWALD COMPANY', 'JAMES B OSWALD COMPANY', 'JAMES B OSWALD COMPANY OSWALD COMPA', 'THE JAMES B OSWALD COMPANY INC', 'THE JAMES B OSWALD COMAPNY', 'THE JAMES B.OSWALD COMPANY', 'THE JAMES B OSWOLD COMPANY', 'JAMES B. OSWALD AND COMPANY', 'THE JAMES B. OSWALD COMPANIES', 'THE JAMES B OSWALD CO', 'JAMES B OSWALD AGENCY', 'JAMES B. OSWALD GROUP', 'JAMES B. OLSWALD AND COMPANY', 'THE JAMES B. OSWALD AGENCY']",[]
MCGOHAN BRABENDER AGCY INC,"['MCGOHAN BRABENDER INC', 'MCGOHAN BRABENBER AGENCY INC', 'MCGOHAN BRABENDER,INC.', 'MCGOHAN/BRABENDER AGENCY INC', 'MCGOHAN BRABENDER AGENCY', 'MCGOHAN BARBENDER AGENCY INC', 'MCGOHAN BRABENER AGENCY, INC.', 'MCGOAHN BRABENDER AGENCY INC', 'MCGOHAN BRABDNER, INC.', 'MCGOHAN/BRABENDER, INC.', 'MCGOHAN BRABENDER AGENCY INSURANCE', 'MCGOHAN BARBENDER, INC.', 'MCGOHAN MCGOHAN, INC.', 'MCGOAHN BARBENDER, INC.']",[]
HUB INTERNATIONAL TEXAS INC,"['HUB INTERNATIONAL TEXAS LLC', 'HUB INTERNNATIONAL TEXAS INC', 'HUB INTERNATIONAL TEXAS', 'HUB INTERNATONAL TEXAS INC', 'HUB INTERNATIONAL TEEXAS INC', 'HUB INTERNATIONAL TEXAS INC FW', 'HUB INTERNAITONAL TEXAS INC', 'HUB INTERNATIONAL TX, LLC', 'HUB INTERNATIONAL TEXAS FT WORTH', 'HUB INTERNATIONAL TEXAS INC. FTW', 'HUB INTERNATIONAL TX', 'HUB INTERNATIONAL TEXAS INC FT WOR', 'HUB INTERNATIONAL TX INC FT WORTH', 'HUB INTERNATIONAL TEXAS INC FT WORT', 'HUB INTERNATIONAL TX FT WORTH', 'HUB INTERNATIONAL LLC', 'HUB INTERNATIONAL TEXAS, INC. FT. W', 'HUB INTERNATIONAL INC.', 'HUB INTERNATIONAL SERIVCES, INC', 'HUB INTERNATIONAL OF NE LLC', 'HUB INTERNATIONAL NORTJWEST LLC', 'HUB INTERNATIONAL OF CO', 'HUB INTERNATIONAL SOUTHWEST', 'HUB INTERNATIONAL SERVICES, INC NM', 'HUB INTERNATIONAL SVCS INC', 'HUB INTERNATIONAL', 'HUB INTERNATIONAL NW LLC', 'HUB INTERNATIONAL LTD', 'HUB INTERNATIONA N E LLC', 'HUB INTERNATIONAL OF CA', 'HUB INTERNATIONAL NORHTWEST LLC', 'HUB INTERNATIONAL NE LTD', 'HUB INTERNATIONAL SOUTHEAST, LTD.', 'HUB INTERNATIONAL NORTHWST, LLC', 'HUB INTL. SERVICES, INC.', 'HUB INTERNATIONAL SERVICE', 'HUB INTERNATIONAL INS SVC INC', 'HUB INTERNATIONAL INS AGENCY INC', 'HUB INTERNATIONAL MIDWEST LLC', 'HUB INTERNATIONAL NORTHERST LLC', 'HUB INTERNATIONAL EL PASO', 'HUB INTERNATIONAL LTD D/B/A HUB INT', 'HUB INTERNATIONAL MID ATLANTIC INC', 'HUB INTERNATIONAL INS SERVCES, INC', 'HUB INTERNATIONAL MID SOUTH', 'HUB INTERNATIONAL NEW MEXICO', 'HUB INTERNATIONAL SERVICEES', 'HUB INTERNATIONAL NORHWEST, LLC', 'HUB INTERNATIONAL INS SERVICE INC', 'HUB INTERNATIONAL INS. SVCS., LLC', 'HUB INTERNATIONAL OF IN LTD', 'HUB INTERNATIONAL HREAT PLAINS, LLC', 'HUB INTERNATIONAL GREAT PLAIS LLC', 'HUB INERNATIONAL NW LLC', 'HUB INTERNATIONAL MID AMERICA', 'HUB INTERNATIONAL SOUTHEAST', 'HUB INTERNATIONAL MIDWEST', 'HUB INTERNATIONAL NW', 'HUB INTERNATIONAL NORTH EAST LLC', 'HUB INTERNATONAL LIMITED', 'HUB INTERNATIONAL MIDSOUTH', 'HUB INTERNATIONAL MIDWEST LTD DBA', 'HUB INTERNATINAL LIMITED', 'HUB INTERNATIONAL NE LIMITED', 'HUB INTERNATIONAL FL', 'HUB INTERNATIONAL INS SVCS INC NM', ""HUB INT'L INS SERVICES INC - UT"", 'HUB INTERNATIONAL - TULSA, OK', 'HUB INTERNATIONAL FLORIDA', 'HUB INTERNATIONAL OF ILLINOIS LTD', 'HUB INTERNATIONAL NEW', 'HUB INTERNATIONAL MIDEWEST LIMITED', 'HUB INTERNATIONAL IOWA LLC', 'HUB INTL INS. INC.', 'HUB INTERNATIONAL INS SVC', 'HUB INTERNATIONAL MID-ATLANTIC INC', 'HUB INTERNATIONAL LIMNITED', 'HUB INTERNATIONALMIDWEST LIMITED', 'HUB INTERNATIONAL GULF LIMITED', 'HUB INTERNATIONALD MIDWEST LIMITED', 'HUB INTERNATIONAL INS SVS INC', 'HUB INTL MIDWEST LTD DBA HUB', 'HUB INTERNATIONAL INSURANCE SVC', 'HUB INTERNATIONAL SRVCS INC', 'HUB INTERNATIONAL GULF', 'HUB INTERNATIONAL INS SRV INC', 'HUB INTERNATIONAL MIDWEST LTD IL', 'HUB INTERNATIONAL MIDWEST LIMTED', 'HUB INTERNATIONAL MIDWEST AMERICA', 'HUB INTERNATIONAL PR', 'HUB INTERNATIONAL NORTHWEST LL', 'HUB INTERNATIONAL GULFSOUTH LTD', 'HUB INTERNATONAL INS. SVCS., INC.', 'HUB INTERNATIONAL INSURANCE SERVICE', 'HUB INTERNATIONAL MIDWEST LTD OK', 'HUB INTERNATIONAL OF IN LIMITED', 'HUB INTERNATIONAL NORTHEAST', 'HUB INTERNATIONAL MIDWEST UNLIMITED', 'HUB INTERNATIONAL FLORIDA LTD', ""HUB INTN'L MIDWEST LTD"", 'HUB INTERNATIONAL SOUTH FLORIDA', 'HUB INTERNATIONAL MIDWEST EAST', 'HUB INTERATIONAL GREAT PLAINS LLC', 'HUB INTERNATIONAL MIDWEST/MID SOUTH', 'HUB INTERNATION INS. SVCS., INC.', 'HUB INTL MIDWEST LIMITED DBA HUB', 'HUB INTERNATIONA MID ATLANTIC INC', 'HUB INTERNATIONAL WEST LIMITED (LA)', 'HUB INTERNATINAL NORTHWEST LLC', 'HUB INTERNATIONAL LIMITE', 'HUB INTERNATIONAL MID-AMERICA', 'HUB INTL MIDWEST LTD', 'HUB INTERNATION MIDWEST LTD', 'HUB INTERNATIONAL GULF SOUTH', 'HUB INTERNTL INS SVCS INC', 'HUB INTERNATIONAL CALIFORNIA', 'HUB INTERNATIOANL GREAT PLAINS LLC', 'HUB INTERNATIONAL MID-ATLANTIC, LLC', 'HUB INTERNATIONAL MID ATLANTIC', 'HUB INTERNATIONAL MD SOUTH', 'HUB INTL GREAT PLAINS LLC', 'HUBI NTERNATIONAL MIDWEST LTD', 'HUB INTERNATIONAL-CHICAGO', 'HUB INTERNATIONAL NEW ENG', 'HUB INTERNATIONAL - NEW YORK', 'HUB INTERNATIONAL NEW ENGLAND', 'HUB INTERNATIONAL MIDWEST LTD/MIAMI', 'HUB INTERNATIONAL INSURANCE', 'HUB INTERNATONAL MIDWEST LTD', 'HUB INTERNATIONAL INS SVCS CA', 'HUB INTL MID ATLANTIC, INC.', 'HUB INTERNATIONAL MID-ALTANTIC INC', 'HUB INTERNATIONAL - OKLAHOMA CITY', 'HUB INTERNATIOANL INS SVCS INC', 'HUB INTERNATIONAL IOWA', 'HUB INTL. GULF SOUTH LIMITED', 'HUB INTERATIONAL MIDWEST LIMITED', ""HUB INTL MW LTD D/B/A/ HUB INT'L GU"", 'HUB INTERNATIONAL LIMITED (PA)', 'HUB INTERNAITONAL LIMITED', 'HUB INTERNATIONAL NE LMT', 'HUB INTERNATIONAL NORTHWEST LLC-WA', 'HUB INTERNATIONAL OF CA IN SVCS INC', 'HUB INTERNATIONAL GREAT PLAINS', 'HUB INTERNATIONAL MW LTD', 'HUB INTL. NORTHEAST LTD', 'HUB INERNATIONAL INS. SVCS., INC.', ""HUB INT'L INSURANCE SERVICES INC."", 'HUB INTERNATIONAL GULF SOUTH LIMITE', 'HUB INTERNATIONAL MIDWEST LTD-NC/SC', 'HUB INTERNATIONAL BROOKFIELD', 'HUB INTERNAITONAL INS. SVCS., INC.', 'HUB INTL MIDWEST LIMITED', 'HUB INTERNAITONAL NORTHWEST LLC', 'HUB INTERNATI0NAL MIDWEST LTD', 'HUB INTERNATIONAL MIDWEST LMITED', 'HUB INTERNAITONAL GULF SOUTH LTD', 'HUB INERNATIONAL MIDWEST LIMITED', 'HUB INTERNATIONA NEW ENGLAND LLC', 'HUB INTERNATIONAL NORTHWE', 'HUB INTERNATIONAL PUERTO', 'HUB INTERNATIONAL - ENCINO, CA', 'HUB INTERNATIOMNAL NORTHWEST LLC', 'HUB INTERNATIONAL OF CA INS SVCES', 'HUB INTERNATONAL MIDWEST LIMITED', 'HUB INTERNATION MIDWEST LIMITED', 'HUB INTERNATIONAL MID ATL', 'HUB INTERNATOINAL GREAT PLAINS LLC', 'HUB INTERNTAIONAL MIDWEST LTD', 'HUB INTL NEW ENGLAND, LLC', 'HUB INTERNATIONAL NORTHWEST LLC -WA', 'HUB INTERNAITONAL MIDWEST LTD', 'HUB INTERNATIONAL MIDWEST 672425', 'HUB INTERNATION NEW ENGLAND LLC', 'HUB INTERNATIONAL MDWEST LTD', 'HUB INTERNATIONAL - SANTA FE, NM', 'HUB INTERNATIONAL MIDWEST - CHICAGO', 'HUB INTERNATIONAL OC CA INS. SVCS.', 'HUB INTERNATIONAL IDAHO', 'HUB INTERNATIONAL OF CA INS SE', 'HUB INTERNATIONAL MIDWEST LIM', 'HUB INTERNATIONAL MIDWEST LIMITED20', 'HUB INTERNATIONAL PUERTO RIXO, INC', 'HUB INTERNATIONAL INSURNACE SERVICE', 'HUB INERNATIONAL GULF SOUTH LIMITED', 'HUB INTERNATIONAL AND OTHER AGENTS', 'HUB INTERATIONAL MIDWEST LIMITED IL', 'HUB INTERNATIONAL INSURANCE SEVICES', 'HUB INTL MTN STATES LTD', 'HUB INTERNATIONAL GREAT', 'HUB INTERNATIONAL/NASHVILLE, TN', 'HUB INTERNATIONAL OF CA INS SERVICE', 'HUB INTERNATIONAL INSURANCE LIMITED', 'HUB INTERNATIONAL NORTHEAST 621603', 'HUB INTL NW LLC SEATTLE', 'HUB INTERNATIONAL MID-ATL', 'HUB INTERNATIONAL MW LIMITED', 'HUB INTERNATIONAL OF CA INS SVCS', 'HUB INTERNATIONAL NOTHEAST LIMITED', 'HUB INTERNATIONAL NORTHWEST LLC SEA', 'HUB INTERNATIONAL HOLMES', 'HUB INTERNATIONAL GULF SOUTH L', 'HUB INTERNTIONAL MIDWEST LTD', 'HUB INTERNATIONAL INS. SVC. - CUL', 'HUB INTERNATIONAL INS SE', 'HUB INTERNATIONAL GULF ACCOUNTING', 'HUB INTERNATIONAL PENNSYLVANIA', 'HUB INTERNATIONAL OF CA INSURANCE', 'HUB INTEERNATIONAL NEW ENGLAND LLC', 'HUB INTERNATIONAL NORTHWEST LLC - Y', 'HUB INTERNTIONAL MIDWEST LTD (FL)', 'HUB INTERNATIONAL INSUARNCE SERVICE', 'HUB INTL MIDWEST LTD DBA COMPA', 'HUB INTERNATIONAL MEDWEST LTD DBA', 'HUB INTERNATIONAL NE (WOODBURY)', 'HUB INTERNATIONAL MNID-ATLANTIC INC', 'HUB INTL MOUNTAIN STATES LIMITED', 'HUB INTERNATIONAL MTN STATES LTD', 'HUB INTERNATIONAL NW & OTHER AGENTS', 'HUB INTERNATIONAL MDIWEST LTD', 'HUB INTERNATIONAL PBA', 'HUB INTERNATIONA L GREAT PLAINS', 'HUB INTERNATIONAL WATSON NORTHEAST', 'HUB INTL INS SRVCS INC', 'HUB INTERNATIONAL INSURANCE DENVER', 'HUB INTERNATIONAL CA ACCOUNTING', 'HUB INTERNATIONAL - GRAND RAPIDS MI', 'HUB INTERNATION OF CA INS. SVCS.', 'HUB INTL INSURANCE SVCS INC', 'HUB INTERNATIOANL PUERTO RICO, INC', 'HUB INTERNAITONAL NORTHEAST LTD', 'HUB INTERATIONAL NORTHEAST LIMITED', 'HUB INTERNATIONAL GULF LIMITED SOUT', 'HUB INTERNATIONAL NORTHEAST LI', 'HUB INTERNATIONAL MTN ST LTD', 'HUB INTERNATIONAL METAIRIE', 'HUB INTERNATONAL GULF SOUTH L', 'HUB INTERNAITONAL NEW ENGLAND LLC', 'HUB INTERNATIONAL- MONTANA', 'HUB INTERNATIONAL MID SOU', 'HUB INTERNAIONAL MIDWEST LIMITED', 'HUB INTERNATIONAL MIDWEST L', 'HUB INTERNATIONAL THE HOLMS ORG.', 'HUB INTERN OF CA INS. SERVICES', 'HUB INTERNATIONAL - NORWELL, MA', 'HUB INTERNATIONAL MTN STATE LIMITED', 'HUB INTERNATIONAL CULVER CITY', 'HUB INTERNATIONAL FLORIDA - DAVIE', 'HUB INTERNATIONAL-CENTER DR', 'HUB INTERNATIONAL OF CA INS SRVS', 'HUB INTERNATI10ONAL MIDWEST LIMITED', 'HUB INTERNATIONAL OF CA INS SRVCS', 'HUB INTL. OF CA INSURANC SERVICES', 'HUB INTERNATIONAL-NEWPORT BEACH', 'HUB INTERNATIONAL-WAUKESHA', 'HUB INTERNATIONAL INSURANCE SE', 'HUB INTERNAIONAL FLORIDA LTD', 'HUB INTERNATIONAL-EBG', 'HUB INTERNATIONAL MISTWEST LIMITED', 'HUB INTERNATIONAL - NEWPORT BEACH', 'HUB INTERNATIONAL GULF SO', 'HUB INTERNATIONAL MID-ATLANTIC', 'HUB INTERNATIONAL MIDWEST LLC RAL', ""HUB INT'L MIDWEST LTD, BANYAN CNSLT"", 'HUB INTERNATIONAL MIDWESTS LIMI', 'HUB INTL MIDWEST LT DBA HORAN ASSOC', 'HUB INTERNATIONAL MIDWEST LLC RALEI', 'HUB INTERNATIONAL MIDWEST LTD-MSO', 'HUB INTERNATIONAL MIDWEST LLC COLUM', '488HUB INTERNATIONAL MIDWEST LTD', 'HUB INTERNATIONAL RALEIGH', 'HUB INTERNATIONAL - YAKIMA', 'HUB INTERNATIONAL CFR', 'HUB INTERNATIONAL INSURANCE MIDWEST', 'HUB INTERNATIONAL MIDWESTERN LIMI', 'HUB INTERNATIONAL - EBG', 'HUB INTERNATIONAL THE HOLMES ORG.', 'HUB INTERNATIONAL-YAKIMA', 'HUB INTERNATIONAL CAROLINA', 'HUB INT. INSURANCE SERVICES INC', 'HUB INTERNATIONAN NORTHEAST LIMITED', 'HUB INTERNATIONAL NEW ENGLAND KKC', 'HUB INTERNATIONAL SAN RAMON CA', 'HUB INTERNATIONAL-UNITY', 'HUB INTL NW LLC YAKIMA', 'HUB INTL INS SVCS AND OTHER AGENTS', 'HUB INTERNATIONAL SAN FRANCISICO CA', 'HUB INVESTMENT ADVISORS INC', 'HUB INTERNATIONAL MTN STATE BOISE', 'HUB INTERNATIONAL - MADISON', 'HUB INTERNATIONAL MOUNTAIN STATE LT', 'HUB INTERNATIONAL - TWIN FALLS', 'GBS/HUB INTERNATIONAL MIDWEST', 'HUB INTERNATIONAL HOLMES ORGANISATI', 'HUB INTERNATIONAL - SAN RAMON', 'HUB INTERANTIONAL MTN STATES LTD', 'HUB INTERNTL NW LLC - SPOKANE', 'HUB INTL NW LLC BELLINGHAM', 'HUB INTERNATIONAL - WOODBURY, NY', 'HUB INTL MOUNTAIN STATES L', 'HUB INTERNATIONAL MOUNTAIN STATES L', 'HUB INTERNATIONAL INSURANCE SRVS', 'HUB INTERNAITONAL NORTHEAST LIMITED', 'HUB INTL MIDWEST LTD - ACCT 481140', 'LIMITED HUB INTERNATIONAL MIDWEST', 'HUB INTL MIDWEST LTD-EQUITABLE', 'HUB INTL NEW ENGLAND DBA WORKPLACE', 'HUB INTERNATIONAL MID-ATL INC-RAFFA', 'HUB INTERNATIONAL PLAN BENEFIT', 'HUB INTERNATIONAL NW LLC-VITOLO', 'HUB INTERNATIONAL THREE RIVERS', 'HUB NATIONAL MIDWEST LIMITED', 'HUB INTERNATIONAL MD-ATLANTIC', 'HUB INTERNATIONAL MOUNTAIN', ""HUB INT'L MIDWEST LIMITED-EQUITABLE"", 'HUB INTNTL MOUNTAIN STATE LTD', 'HUB INERNATIONAL INSURANCE SE', 'HUB INTERNATIONAL MID-ATL INC RAFFA', 'HUB INTERNATIONAL-ROSEVILLE', 'HUB INT. MOUNTIAN STATES LTD', 'HUB INTERNALIONAL N E LLC', 'HIB INTERNATIONAL', 'HUB INTNT MOUNTAIN STATES LIMITED', 'HUB INTERNATIONAL - MONTEREY', 'HUB INTERNATIONAL MID-ALT INC RAFFA', 'HUB INTL MIDWEST LTD DBA COMPASS', 'HUD INTERNATIONAL NORTHEAST LTD', 'HUB COMMISSIONS MIDWEST LIMITED', 'HUB INT OF CA INSURANCE SERVICES', ""HUB INT'L MIDWEST LIMITED - EQUITAB"", 'HUB INTNL MIDWEST LTD DBA COMPASS I', 'HUB INTERNATIONAL - RIVERSIDE', 'HUB INTERNATIONAL INSURANCE-JORDAN', 'HUB INTL - TONI L PRICE', 'HUB INTERNATIONAL - TONI L PRICE', 'HUB INTL - TRUDY DANE', 'HUB INTERNATIONAL INSURANCE-JEFFREY', 'HIB INTERNATION AL MIDWEST LIMITED', 'HUB INTL MIDWEST LIMITED DBA CBS', 'HUB INTL MIDWEST LIMITED DBA GRACE']",[]
J N SAVASTA CORP,"['JN SAVASTA CORP', 'JN SAVASTA INC.', 'SAVASTA JN CORP', 'J,N, SAVASTA CORPORATION']",[]
WILLIS TOWERS WATSON NORTHEST INC,"['WILLIS TOWER WATSON NORTHEAST INC', 'WILLIS TOWERS WATSON NORTHEAST,INC', 'WILLIS TOWERS WATSON WEST INC', 'WILLIS TOWERS WATSON INC', 'WILLIS TOWERS WATSON SE INC', 'WILLIS TOWERS WATSONSOUTHEAST INC', 'WILLIS TOWERS NORTHEAST INC', 'WILLIS TOWERS WATSON SOUTHEAST INC', 'WILLIS TOWERS WATSON SOUTHWEST INC', 'WILLIS TOWERS WATSON NOTHEAST, INC.', 'WILLIS TCWERS WATSON NORTHEAST INC', 'WILLIS TOWER WATSON NE INC', 'WILLIS TOWERS WATSON LLC', 'WILLIS TOWERS WATSONUS LLC', 'WILLIS TOWER WATSON SOUTHEAST INC', 'WILLIS TOWERS WATSON SOUTHEAST,INC.', 'WILLIS TOWERS WATSON INC SVC WEST', 'WILLIS TOWERS OF WATSON MIDWEST,INC', 'WILLIS TOWERS WATSON MIDW, INC', 'WILLIS TOWERS WATSONS US LLC', 'WILLS TOWERS WATSON NE, INC', 'WILLIS TOWERS WATSON MIDWEST,INC', 'WILLIS TOWERS WATSON DELAWARE INC', 'WILLIS TOWERS WATSON NORTH EAST', 'WILLIS TOWERS WATSON SE, LLC.', 'WILLIS TOWERS WATSON US LLC(NY)', 'WILLIS TOWES WATSON SE INC', 'WILLIS TOWERS WATSON US LLC (NY)', 'WILLS TOWERS WATSON MIDWEST INC', 'WILLIS TOWERS WATSOM NE INC.', 'WILL TOWERS WATSON SOUTHEAST INC', 'WILLIS TOWERS WATSON OF NJ, INC.', 'WILLIS TOWERS WATON SOUTHEAST, INC', 'WILLS TOWERS WATSON NORTHEAST OH', 'WILLIS TOWERS WATSON US LLC (MN)', 'WILLIS TOWERS WATSON US LLC-BOSTON', 'WILLIS TOWERS WATSON US LLC-CHICAGO', 'WILLIS TOWERS WATSON US LLC (LA)', 'WILL TOWERS WATSON MIDWEST, INC.', 'WILLIS TOWERS WATON US LLC', 'WILLIS TOWERS WATSON INS BROKERAGE', 'WILLIS TOWERS WATSON INSUR SVCS', 'WILLIS TOWERS WATSON US LLC-ARL.VA', 'WILLIS TOWERS WATSON INSURANCE CO', 'WILLIS TOWERS WATSON INS SVCS W INC', 'WILLIS TOWERS WATSON MIDWEST WI', 'WILLIS TOWERS OF WATSON MIDWEST', 'WILLIS TOWERS WATSON US LLC- ARL VA', 'WILLIS TOWERS WASTON US LLC', 'WILLIS TOWERS WATSON INSURNCE SVC', 'WILLIS TOWERS WATSON INS SERV', 'WILLIS TOWERS WATSON INS.SRVC W.INC', 'WILLIA TOWERS WATSON US LLC', 'WILLIS TOWERS WATSON SVCS WEST', 'WILLIS TOWERS WATSON US LLC, PO', 'WILLIS TOWERS WATSON INSURANC SERVI', 'WILLIS TOWERS WATSON INSURNACE SERV', 'WILLIS TOWERS WATSON INS SRVC WEST', 'WILLIS TOWERS WATON INS. SVCS.', 'WILLIS TOWERS WATSON INSURANCE WEST', 'WILLISTOWERS WATSON SOUTHEAST, INC.', 'TOWERS WATSON DELWARE INC', 'WILLIS TOWERS WATSON US LLC- ARL.', 'WILLS TOWERES WATSON US LLC', 'WILLIS OF NORTH AMERICA INC.', 'WILLIS TOWERS WATSON SVC WEST', 'WILLIS TWR WATSON INS SVCS WEST INC', 'WILLIS, TOWERS AND WATSON INSURANCE', 'WILLIS TOWERES WATSON INSURANCE', 'WILLIS TOWERS WATSON INS SER WEST', 'WILLIS TOWER WATSON INSURANCE', 'WILLIS TOWER WATSON INSURANCE SVCS', 'WILLIS TOWERS WATSON INS SER', 'WILLIS TOWERS WATSON INS SVCS NE', 'WILLIS NORTH AMERICA, INC.', 'TOWERS WATSON US LLC', 'WILLS TOWERS WATSON INSURANCE', '12-0369 WILLIS TOWERS WATSON INS SE', 'WILLIS TOWEERS WATSON INSURANCE', 'WILLIS OF NORTH CAROLINA INC', 'WILLIS TOWERS WATSON INURANCE SERVI', 'TOWERS WATSON DE INC', 'WILLIS TOWERS WATSON MIDWEST 233 S', '42-1246 WILLIS TOWERS WATSON NE', 'WILLIS TOWERS WASTON INSURANCE', 'WILLS TOWERS WATSON INSURANCE SERV', 'WILLIS TOWER WATSON INSURANCE SERV', 'TOWERS WATSON PR BROKERAGE INC', 'WILLIS TOWERS WATSON INSURANCE SERC', 'WILLIS TOWERS WATSON INS SRVS', 'WILL TOWERS WATSON INSURANCE SERVIC', 'TOWERS WATSON PENNSYLVANIA INC.', 'WILLIS TOWERS WATSON INS SVS WEST', 'WILLS TOWERS WATSON INS SVCS WEST', 'WILLIS TOWRS WATSON INSURANCE SERVI', 'WILLIS TOWER WATSON INS SVCS WEST', 'WILLIS, TOWERS, WATSON AND SOUT', 'WILLIS TOWERS WATSON INS CARRIER', 'WILLISTOWERS WATSON INSURANCE SVCS', '12-0369 WILLIS TOWERS WATSON INSURA', 'WILLIS TOWERS WATSON MIDWEST 223S', 'WILLIS TOWERS OF TENNESSEE, INC.', 'SOUTHEAST, INC WILLIS TOWERS WATERS', 'WILLIS TOWERS WATSON INS - ARIZONA', 'WILLIS TOWERS WATSON US L', 'WTW NORTHEAST INC', 'WILLIS TOWER WATSON INS SVCS', 'WILLIS TOWERS WATSON SE-FL NAPLES', 'WILLIS OF OHIO INC', 'WILLIS OF MINNESOTA INC', 'WILLIS TOWERS WATSON - POTOMAC, MD', 'WILLS TOWERS WATSON US L', 'WILLIS TOWERS WATSON US-BOSTON, MA', 'WILLIS TOWER WATSON INSURANCE SCVS.', 'TOWERS WATSON PR INSURANCE', 'TOWERS WATSON RETIREE INS. SERVICES', 'WILLIS OF MICHIGAN INC.', 'WILLISTOWERS WATSON INS SVCS W INC', 'WILLIS TOWERS WATSON - CLEVELAND', 'WILLIS TOWERS WATSON & OTHER AGENTS', 'WILLIS TOWERS WATSON - MI', 'WILLIS TOWERS WATSON - HUNT VALLEY,', 'WILLIS TOWERS WARSON SVC WEST', 'WILLIS TOWER WATSON US L', 'WILLIS TOWERS AND VARIOUS AGENTS']",[]
WILLIS OF NEW YORK INC,"['WILLIS OF NEW YORK, INC(NEW YORK,NY', 'WILLIS OR NEW YORK INC', 'WILLIS OF NEW YORK INC. HRH', 'WILLIS OF NEW JERSEY,INC.', 'WILLIS OF NORTH AMERICA INC.', 'WILLIS OF CONNECTICUT LLC', 'WILLIS RE INC.', 'WILLIS OF OHIO INC', 'WILLIS OF PENNSYLVANIA INC', 'WILLIS OF ILLINOIS INC', 'WILLIS OF TEXAS INC', 'WILLIS OF SEATTLE INC', 'WILLIS LIFE INC', 'WILLIS OF WI INC', 'WILLIS OF CALIFORNIA, INC.', 'WILLIS OF GEORGIA INC', 'WILLIS OF VIRGINIA INC', 'WILLIS OF NEW JERSEY INS', 'WILLIS OF NORTH CAROLINA INC', 'WILLIS OF MINNESOTA INC', 'WILLIS OF MASSACHUSETTS INC', 'WILLIS OF WISCONSIN INC', 'WILLIS CORROON CORP. OF NEW YORK', 'WILLIS AND MORE LLC', 'WILLIS CORROON CORP. OF NY INC.', 'WILLIS OF NORTH CALIFORNIA INC', 'WILLIS OF PA INSURANCE SERVICES', 'WILLIS OF FLORIDA INC', 'WILLIS OF TENNESEE INC', 'WILLIS INSURANCE', 'WILLIS OF MARYLAND INC', 'WILLIS NORTH AMERICA, INC.', 'WILLIS OF ARIZONA INC', 'WILLIS OF TENNESSE INC', 'WILLIS OF MICHIGAN INC.', 'WILLIS INS. SERVICES OF CA, INC.', 'WILLIS INSURANCE SERVICES OF', 'WILLIS OF COLORADO INC', 'WILLIS OF TEXAS, INC- DALLAS', 'WILLIS INSURANCE SERVICES', 'WILLIS OF ALABAMA INC', 'WILLIS OF OKLAHOMA, INC.', 'WILLIS INSURANCE OF CALIFORNIA, INC', 'WILLIS INS SERVICES OF GEORGIA INC', 'WILLIS OF MARYLAND, LLC', 'WILLIS INS SERVICES OF CALIFORNIA', 'WILLIS CORP. OF MARYLAND', 'WILLIS LIFE INS AGENCY OF OHIO INC', 'WILLIS OF TEXAS, INC-ADDISON', 'WILLIS OF TEXAS, INC-HOUSTON', 'WILLIS INSURANCE SVCS OF CA', 'WILLIS INS SVCS OF CA INC', 'WILLIS OF GREATER KANSAS INC', 'WILLIS INSURANCE SVCS OF CALIFORNIA', 'WILLIS INSURANCE SVCS OF ATLANTA', 'WILLIS OF CORROON OF NY', 'WILLIFORD INS GROUP INC', 'WILLIS INS SVCS OF CALIFORNIA', 'WILLIS INS SVCS OF CA', 'WILLIS OF PENNSYLVANIA INS SERVICES', 'WILLIS INSURANCE SRVS OF CA INC', 'WILLIS INS SVCS OF SAN JOSE INC', 'WILLS OF NEW JERSEY INC']",[]
JS YOUNG AND ASSOCIATES,"['JS YOUNG & ASSOCIATES', 'JS YOUNG AND ASSOC AND OTHER AGENTS', 'JASON YOUNG & ASSOCIATES']",[]
PAUL GLOBAL BENEFITS INC,"['PAUL GLOBAL BENEFITS', 'PAUL GLOBAL BENEFIST INC.', 'PAUL GLOBAL BENEFITS DIV WORLD INS', 'PAUL GLOBAL BENEFITS WORLD INS AGCY']",[]
WARNER PACIFIC INS SVCS INC,"['WARNER PACIFIC INS SVSC INC', 'WARNER PACIFIC INSURANCE SVCS', 'WARNER PACIFIC INS SER INC-CA', 'WARNER PACIFIC INSURANCE SRVCS INC', 'WARNER PACIFIC IS SVCS INC', 'WARNER PACIFC INS. SVCS. INC.', 'WARNER PACIFIC INS SERV, INC.', 'WARNER PACIFIC INSURANCE SRVS INC', 'WARNER PACIFIC INC SERV INC', 'WARNER PACIFIC INC SVC', 'WARNER PACIFIC INSURACNE SVCS, INC,', 'WARNER PACIFIC INSRUANCE SERVICES', 'WARNER PACIFIC INSURANCE SERIVCES', 'WARNER PACIFIC INSURANCE, INC.', 'WARNER PACIFIC SERVICES', 'WARNER PACIFIC INSURANCE SERVI', 'WARNER PACIFIC INSURNACE SERVICES', 'WARNER PACIFIC INC SERVICE', 'WARNER PACIF INSURANCE SERVICES INC', 'WARNER PACIFIC INSURANCE', 'WARNER PACIIFC IN SVCS INC', 'WARNER PACIFIC INSURANCE GROUP', 'VCS INC WARNER PACIFIC INS', 'WARNER PACFIC INS SERVICES', 'WARNER ACIFIC INSURANCE SERVICES', 'BENEUSA LLC A WARNER PACIFIC COMPAN', 'BENEUSA LLC A WARNER PACIFIC']",['WARNER CENTER INSURANCE SERVICES']
WORLD INSURANCE ASSOIATES LLC,"['WORLD INSURANCE ASSOCATES LLC', 'WORLD INSURANCE ASSOCITES LLC', 'WORLD INSURANCE ASSOC LLC', 'WORLD INSURANCE ASSOCIATION LLC', 'WORLD INSRUANCE ASSOCIATES LLC', 'WORL INSURANCE ASSOCIATES, LLC', 'WORLD INSURANCE ASSOC', 'WORLD INSURANCE ASSOCIATE', 'WORLD INSURANCE ASSOCIATI', 'WORLD INSURANCE ASSOCIATION CO', 'WORLKD INSURANCE ASSOCIATION CO', 'WORLD INS ASSOCIATES LLC', 'WORLD INSURANCE SERVICES', 'WORLD INSURANCE ASSOC. CONSULT. GRP', 'WORLD INS ASSOC LLC', 'WORLD INSURANCE ASSN CONSULTING GRP', 'WORLD INS ASSOCIATION LLC', 'WORLD INSURANCE ASSICIATION CONSULT', 'WORLD INSURANCE ASSOCIATION CONSULT']",['WWW INSURANCE LLC']
MICHAEL REISHUS NORTH RISK PARTNERS,"['NORTH RISK PARTNERS', 'NORTH RISK PARTNERS ST. PAUL', 'NORTH RISK PARTNERS LLC', 'NORTH RISK PARTNERS CHARLES SEIVERT', 'NORTH RISK PARTNERS - CORPORATE', 'NORTH RISK PARTNERS LCC', 'NORTH RISK PARNTERS LLC', 'NORTH RISK PARTNERS IOWA', 'RISK CONSULTING PARTNERS', 'STU HAMANN NORTH RISK PARTNERS LLC']",[]
CLAREMONT BUSINESS GROUP,"['CLAREMONT BUSINESS BROUP INC', 'CLAREMONT BUSINESS GROUP INC', 'CLAREMONT INSURANCE COMPANY']",[]
BALTOR INSURANCE SERVICES,['BALTOR INURANCE SERVICES'],[]
BUSINESSOLVER.COM INC,"['BUSINESSOLVER COM INC', 'BUSINESSOLVER.COM,INC', 'BUSINESSOLVER INC', 'BUISINESSOLVER.COM, INC.', 'BUSINESSLOVER.COM INC', 'BUSINESSSOLVER DOT COM INC', 'BUISNESSSOLVER.COM, INC.']",[]
SILVERSTONE GRP A DIV OF HUB,"['SILVERSTONE GROUP A DIV OF HUB INTE', 'SILVERSTONE GROUP LLC HUB', 'SILVERSTONE GROUP LLC A HUB INTER', 'SILVERSTONE GROUP, A DIVISION OF', 'SILVERSTONE GROUP', 'SILVERSTONE GROUP LLC', 'SILVERSTONE GROUP INC', 'SILVERSTONE GROUP INCORPORATED']",[]
FOUNDATION RISK PARTNERS,"['FOUNDATION RISK PARTNERS OF', 'FOUNDATION RISK PARTNERS LLC', 'FOUNDATION RISK PARTNERS CORP LLC', 'FOUNDATION RISK PARTERS CORP', 'FOUNDATION RISK PARTNERS DBA', 'FOUNDATION RISK PARTNERS GROUP DBA', 'FOUNDATION RISK PARTNERS CORP DBA', 'FOUNDATION RISK PARNERS CORP', 'FOUNDATION RISK PARTNERS CORP TOTAL', 'FOUNDATION RISK PARTNERS OF FLORIDA', 'FOUNDATIONRISK PARTNERS, CORP', 'FOUNDATION RIS PARTNERS CORP', 'FOUNTATION RISK PARTNERS', 'FOUNDATION RISK CORP', 'FOUNDATION RISK PARTNERS, CROP', 'FOUDNATION RISK PARTNERS', 'FOUNDATION RISK PARTNERS DBA ACENTR', 'FOUDATION RISK PARTNERS CORP', 'FOUNDATION RISK PARTERS DBA PINNACL', 'RISK CONSULTING PARTNERS', 'FOUNDAITON RISK PARTNERS CORP', 'FOUNDATION PARTNERS & OTHER AGENTS', 'FOUNDATION RISK CORP DBA PINNACLE', 'FOUDNATION RISH PARTNERS CORP']",[]
PRICIPAL SECURITIES INC,"['PRINCIPAL FINANCIAL GROUP, INC.', 'PRINCIPAL INSURANCE SERVICES INC.', 'PRINCIPAL SECURITIES INC HOLLY BLOO', 'PRINCIPAL INS SERVICE INC.', 'PRINCIPAL SECURITIES INC DAMIEN CAN', 'PRINCIPAL LIFE INSURANCE COMPANY', 'PRINCIPAL GLOBAL INVESTORS LLC', 'PRINCIPAL INSURANCE AGENCY LLC', 'PRINCIPAL LIFE INSURNACE COMPANY', 'PRINCIPAL INSURANCE AGENCY']",[]
REUBEN WARNER ASSOCIATES,"['REUBEN WARNER ASSOCIATES,INC.', 'REUBEN WARNER AND ASSOCIATES, INC.', 'REUBEN WARNER ASSOCIATES, LLC', 'REUBEN WARNER ASSOC INC', 'REUBAN WARNER ASSOCIATES INC', 'REUBIN WARNER ASSOCIATES, INC.', 'WARNER REUBEN ASSOCIATES, INC.', 'REBEN WARNER ASSOCIATES INC', 'RUEBEN WARNER ASSOCIATES', 'REUBEN WARNER ASSOCAITES INC', 'RUEBEN WARNER ASSOCIATES INC', 'REUBEN WARREN ASSOCIATES, INC.', 'REUBEN WARNER ASSOCIATION, INC.', 'REUBEN WARNER ASSOCIARES INC', 'RUEBEN WARNER ASSOC INC', 'REBURN WARNER ASSOCIATES, INC.', 'REUBEN WARMER ASSOC INC']",[]
ALLIANT INSURANCE SERVICE,"['ALLIANT INSURANCE SERIVCES', 'ALLIANT INSURACE SERVICES', 'ALLIANT INSURANCE', 'ALLIANT INSURANCE COMPANY', 'ALLIANT INSURANCE SERVICES LLC', 'ALLIANT INSURANCE SERVCIES, INC.', 'ALLIANT INSURANCE SERVCICES, INC.', 'ALLIANT INSURANCE SEVICES INC', 'ALLIANT INSURANCES SERVICES INC', 'ALLIANT INSURANCE SERVCES, INC.', 'ALLIANT INSURANCE SERIVES, INC.', 'ALLIANT INSURANCE SERVICES INC DBA', 'ALLIANT INSURANCE SERVIES, INC.', 'ALLIANT INSURANCE CERVICES INC', 'ALLIANT INSURANCE SERVICS, INC.', 'ALLIANT INSURANCE SERVICES I', 'ALLIANT INSURANCE SERVIVES, INC.', 'ALLIANT ISNURANCE SERVICES INC', 'ALLIANT INURANCE SERVICES, INC.', 'ALLIANT INSURANCE SERVICES 1301', 'ALLIANT INSRANCE SERVICES, INC.', 'ALLIANT INSUARNCE SERVICES', 'ALLIANT INS SERVICE INC', 'ALLIANT INSURANCE SERVICES INC HQ', 'ALLIANT INSURANCE BROKERAGE', 'ALLIANT INSURAQNCE SERVICES INC', 'ALLIANT INSURANCE SVCS', 'ALLIANT INSRUANCE SERVICES INC', 'ALLIANT INSURANCE SVCS LLC', 'ALLILANT INSURANCE SERVICE INC', 'ALIIANT INSURANCE SERVICES', 'ALLIANT INSURANCE SERVICES HOU', 'ALLIENT INSURANCE SERVICES', 'ALLIANT SPECIALTY INSURANCE', 'ALLIANT INSURANCE SERVICES - GA', 'ALLIANT/MESIROW INSURANCE SERVICE', 'ALLIANT INSURANCE SERVICES & OTHERS', 'ALIANT INS. SERVICES', 'ALLIANT INS SER INC', 'ALLIANT INSURANCE SERVICES LLC - GA', 'DRIVER ALLIANT INSURANCE SERVICE', 'ALLIANT INS SERVCIES INC', 'ALLIANT INS. SERVICES INC. - HQ', 'ALLIANT INSURANCE SERVICES INC-SAN', 'ALLIANT INSRUANCE SERRVICECS, INC.', 'ALLIANT ISNRUANCE SERVICES, INC.', 'ALLIANT/ESIROW INSURANCE SERVICES', 'ALLIANT SERVICES INC.', 'ALLIANT INSURANCE SERVICE SAGEWELL', 'ALLIANT / MESIROW INSURANCE SERVICE', 'ALLIANTA INSURANCE SERVICES, INC.', 'ALLIANT INSURANCE SRVS INC', 'ALLIANT INS. SERVICES, INC & OTHERS', 'ALLIANT INS SERVICES INC. SAN DIEG', 'ALLAINT INSURANCE SERVICES, INC.', 'ALLIANT IN SERVICES INC', 'ALLIANT INS SERVICES INC LOS ANGELE', 'ALLIANT INS. SVCS. AND OTHER AGENTS', 'ALLIANT INSURANCE SERVICES, INCA', 'ALIANT INSURANCE SERVICE 785439', 'DRIVER ALLIANT INSURANCE', 'ALLIANT INS SERVICES INC HOUSTON', 'ALLIANT INSURANCE SERV HOUSTON LLC', 'ALLIANT INSURANCE SVCS-AUSTIN, TX', 'ALLIANT COMPANY', 'ALLIANT INS SVCS INC', 'ALLIANT INSURANCE SERVICES-TAMPA,FL', 'ALLIANT INSURANCE SVCS HOUSTON LLC', 'ALLAINT ISNURANCE SERVICES, INC.', 'ALLIANT BENEFIT SERVICES, INC.', 'ALLIANT INSURANCE SERVICES-KNOXVILL', 'ALLIANT FINANCIAL SERVICES, INC.', 'ALLIANT INS. SERVICES INC-ALPHARETT', 'ALLIANT INSURANCE SERVICES 3600 N', 'DRIVER ALLIANT INSURANCE SVCS', 'ALLAIANT INSURANCE INC (GA)', 'ALLIANT INSURANCE SERVICES - BANNOC', 'ALLIANT INSURANCE SERVICES - KNOXVI', 'ALLIANT INS SRVCS INC', 'ALLIANT INS SVCS AND VARIOUS AGENTS', 'ALLIANT INS SER INC-HOUSTON', 'ALLIANT INS SVCS & VARIOUS AGENTS', 'ALLIANT INS SER INC-ALPHARETTA', 'ALLIANT INS. SVCS, INC. ACCTG DEPT', 'ALLIANT INS. SERVICES INC. - MUKILT', 'ALLIANT INS SVCS INC. SAN DIEG', 'ALLIANT INSURANCE SRVCS -ATLANTA GA', 'ALLIANT EMPLOYEE BENEFITS', 'ALLIANT INS SVCES HOUSTON LLC', 'ALLIANT SERVICES HOUSTON', 'ALLIANT SERVICES HOUSTON, INC.', 'ALLIANT INS SVCS INC (TX)', 'ALLIANT INS SERVICES INC - SPOKANE', 'ALLIANT INS SERVICES-KNOXVILLE', 'ALLIANT INS SVCS HOUSTON LLC', 'ALLIANT INS SVCS HOUSTAN LLC', 'ALLIANT INS SER INC - FT LAUDERDALE', 'ALLIANT INS SRVCES INC.-ALPHARETTA', 'ALLIANT INS SVCS INC.-ALPHARETTA', 'ALLIAN INSURANCE SERV HOUSTON LLC', 'ALLIANT EMPLOYEE BENEFITS-GA']",[]
STEALTH PARTNER GROUP,"['STEALTH PARTNERS GROUP', 'STEALTH PARTNERS GROUP,LLC', 'STEALTH PARNTER GROUP LLC', 'STEALTH PARTNER GROUP LLC - NORTHEA', 'STEALTH PARTNER GROUP LLC SOUTHWEST', 'STEALTH PARNER GROUP', 'STEALTH PARTNER GROUP - STOP LOSS', 'STEALTH PARTNER GROUP DALLAS, TX', 'STEALH PARTNER GROUP', 'STEATH PARTNER GROUP', 'STEALTH PARTNER GROUP, AN AMWINS CO', 'STEALTH PARNER GROUP-NORTHEAST', 'STEALTH BENEFIT SOLUTIONS', 'STEATH PARTNER GROUP LLC', 'STEALT PARTNER GROUP LLC']",[]
IMA INC,"['IMA INC-000', 'IMA INC - 000', 'IMA INC -000', 'IMA INC (TX)', 'IMA INC (CO)', 'IMA,INC', 'IM, INC.', 'IMA INC(KS)', 'IMA INC (KS)', 'IMA CORP','IMA OF COLORADO INC','IMA OF COLORADO,1694.84 INC.','IMA OF COLORADO, INC. + IMA, INC.']",[]
THE HORTON GROUP INC,"['THE HORTON GROUP,INC.', 'THE HORTON GROUP LLC', 'THE HORTON GROUP', 'HORTON GROUP INC', 'THE HORTON GROUP IL', 'HORTON GROUP INC THE', 'HORTON GROUP', 'HORTON GROUP INC-ORLAND PARK', 'THE HORTON GROUP-BEN ADMIN', 'HORTON GROUP INC - ORLAND PARK', 'THE HORTON GROUP,INC-JEFFREY SEALEY', 'HORTON GROUP - IL', 'HORTON BENEFITS COMPANY LLC', 'HORTON INSURANCE GROUP']",[]
ACADIA BENEFITS INC,"['ACADIA BENEFITS', 'ACADIAN BENEFITS INC', 'ACADIA SERVICES LLC', 'ARCADIA BENEFITS INC', 'ACAIDA BENEFITS INC']",[]
"BROWN & BROWN OF TENNESSEE, IN","['BROWN & BROWN OF TENNESSEE', 'BROWN & BROWN OF TENNESEE,INC.', 'BROWN & BROWN TENNESSEE', 'BROWN AND BROWN OF TENNESSEE INC', 'BROWN & BROWN OF TN', 'BROWN AND BROWN OF TENNESSEE', 'BROWN AND BROWN OF TN', 'BROWN & BROWN OF TN INC', 'BROWN & BROWN INSURANCE OF TENNESSE', 'BROWN & BROWN OF TNNESSEE INC', 'BROWN AND BROWN OF TN INC', 'BROWN & BROWN INSURANCE OF TENN', 'BROWN & BROWN TN', 'BROWN&BROWN OF TN. INC', 'BROWN & BROWN INS SERVICE OF TN', 'BROWN & BROWN INSURANCE OF TN', 'BROWN & BROWN OF TN37027', 'BROWN & BROWN OF GA', 'BROWN & BROWN OF OHIO', 'BROWN & BROWN OF KY', 'BROWN & BROWN OF KENTUCKY', 'BROWN & BROWN OF CONNECTICUT', 'BROWN & BROWN OF GEORGIA', 'BROWN & BROWN OF CT', 'BROWN & BROWN OF VA', 'BROWN & BROWN OF VIRGINIA', 'BROWN & BROWN OF KY INC', 'BROWN & BROWN OF FL', 'BROWN & BROWN OF PENNSYLVANIA', 'BROWN & BROWN OF OH INC', 'BROWN & BROWN OF GA INC', 'BROWN & BROWN OF CTINC.', 'BROWN & BROWN OF MINNESOTA', 'BROWN & BROWN OF VIRGINA, INC.', 'BROWN & BROWN OF CO INC', 'BROWN & BROWN OF PENNSYVLANIA', 'BROWN & BROWN OF FORIDA', 'BROWN & BROWN OF CA', 'BROWN & BROWN OF INDIANA', 'BROWN & BROWN OF NH', 'BROWN & BROWN OF FLORDIA', 'BROWN & BROWN OF GEORGIA INC.', 'BROWN & BROWN OF OHIO INC', 'BROWN & BROWN OF S. CAROLINA, INC.', 'BROWN & BROWN OF FL INC', 'BROWN & BROWN OF PA', 'BROWN & BROWN', 'BROWN & BROWN OF NEW YORK', 'BROWN & BROWN OF OR LLC', 'BROWN & BROWN OF OR', 'BROWN & BROWN OF S C INC', 'BROWN & BROWN OF OHIO LLC', 'BROWN AND BROWN OF TEXAS, INC.', 'BROWN & BROWN OF VA INC', 'BROWN AND BROWN OF VA, INC', 'BROWN AND BROWN OF GA INC.', 'BROWN AND BROWN OF CT', 'BROWN & BROWN OF MINNEAPOLIS, MN', 'BROWN & BROWN OF LA', 'BROWN & BROWN CO', 'BROWN AND BROWN OF ATLANTA, INC.', 'BROWN &BROWN OF NY', 'BROWN & BROWN OF FLORIDA TALLAHASSE', 'BROWN & BROWN OF SOUTH CAROLIN', 'BROWN & BROWN OF CONNECTICUT INC', 'BROWN & BROWN OF SC INC', 'BROWN AND BROWN OF KENTUCKY, LLC', 'BROWN & BROWN OF LOUISIANA', 'BROWN AND BROWN OF OK, INC.', 'BROWN AND BROWN OF KY INC', 'BROWN AND BROWN OF VIRGNIA, INC.', 'BROWN & BROWN OF ILLINOIS', 'BROWN & BROWN OF KENTUCY', 'BROWN & BROWN, LLC', 'BROWN AND BROWN OF VA', 'BROWN & BROWN OF SW FLORIDA', 'BROWN & BROWN OF MI INC', 'BROWN & BROWN OF CT INC', 'BROWN & BROWN OF OREGON', 'BROWN & BROWN OF FL, INC. & AGENTS', 'BROWN & BROWN OF PENNSYLVANIA INC', 'BROWN & BROWN OF CALIFORNIA', 'BROWN AND BROWN OF OHIO LLC', 'BROWN & BROWN OF CA INC', 'BROWN AND BROWN OF CONNECTICUT INC', 'BROWN AND BROWN OF CA', 'BROWN & BROWN TEXAS, INC.', 'BROWN & BROWN OF NEW HAMPSHIRE', 'BROWN & BROWN OF NEW JERSEY, INC.', 'BROWN AND BROWN OF FL INC', 'BROWN & BROWN FLORIDA, INC.', 'BROWN AND BROWN OF PA, INC.', 'BROWN AND BROWN OF SC, INC.', 'BROWN & BROWN OF WISCONSIN', 'BROWN AND BROWN OF CTINC', 'BROWN & BROWN INC', 'BROWN & BROWN OF MINNESOTA INC', 'BROWN AND BROWN OF CT INC.', 'BROWN & BROWN OF MASSACHUSETTS,LLC', 'BROWN & BROWN OF MASSACHUSETTS, INC', 'BROWN & BROWN OF FLORIDA INC', 'BROWN AND BROWN OF FLORIDA, LLC', 'BROWN & BROWN FLORIDA', 'BROWN & BROWN OF SOUTH CAROLINA INC', 'BROWN & BROWN OF MA LLC', 'BROWN & BROWN OF MASSACUSETTS', 'BROWN & BROWN OF MN INC', 'BROWN AND BROWN OF FLORDIA, INC', 'BROWN&BROWN OF FLORIDA,INC.', 'BROWN & BROWN OF DETROIT', 'BROWN AND BROWN OF HIO, INC.', 'BROWN & BROWN SOUTH CAROLINA', 'BROWN AND BROWN OF IL, INC.', 'BROWN & BROWN OF IL, INC', 'BROWN & BROWN OF LEHIGH VALLEY', 'BROWN AND BROWN OF UTAH, INC.', 'BROWN & BROWN OF SOUTHWEST FLA', 'BROWN & BROWN OF WASHINGTON', 'BROWN & BROWN INS AGY OF FLORIDA', 'BROWN & BROWN OF CO & OTHER AGENTS', 'BROWN AND BROWN OF NEW JERSEY', 'BROWN AND BROWN OF MINNESOTA', 'BROWN & BROWN OF LFORIDA INC', 'BROWN & BROWN INS AGY OF VA', 'BROWN & BROWN OF INDIANA INC', 'BROWN & BROWN OF MASS. LLC', 'BROWN & BROWN INS AGY OF VA INC', 'BROWN & BROWN OF NEVADA', 'BROWN AND BROWN OF PENNSYLVANIA', 'BROWN & BROWN OHIO LLC', 'BROWN & BROWN OF SYRACUSE', 'BROWN & BROWN OF ARIZONA', 'BROWN & BROWN OF FL JACKSONVILLE', 'BROWN AND BROWN OF FL- TALLAHASSEE', 'BROWN AND BROWN OF NEW YORK', 'BROWN & BROWN OF OKALHOMA INC', 'BROWN & BROWN OF NY INC', 'BROWN & BROWN OF SARASOTA', 'BROWN & BROWN FL TAMPA', 'BROWN AND BROWN OF MASSACHSETTS', 'BROWN & BROWN OF MASSACHSUTTS', 'BROWN AND BROWN OF NEW JERSEY, INC', 'BROWN AND BROWN OF INDIANA, LLC', 'BROWN & BROWN OF KY INC-LOUISVILLE', 'BROWN & BROWN MA LLC', 'BROWN AND BROWN OF VIRGINIA INC.', 'BROWN AND BROWN OF GEORGIA', 'BROWN AND BROWN OF NY', 'BROWN & BROWN OF INDIANA LLC', 'BROWN AND BROWN OF MINNESOTA INC', 'BROWN & BROWN OF MICHIGAN', 'BROWN & BROWN OF ARKANSAS INC', 'BROWN & BROWN OF OKLAHOMA INC', 'BROWN & BROWN OF NORTHERN CA', 'BROWN AND BROWN OF FLORIDA', 'BROWN AND BROWN OF INDIANA INC.', 'BROWN &BROWN OF NEW YORK INC', 'BROWN AND BROWN FLORIDA, INC.', 'BROWN & BROWN INS. AGY. OF VIRGINIA', 'BROWN & BROWN OF KY INC- LOUISVILLE', 'BROWN AND BROWN OF FLORIDA INC', 'BROWN & BROWN OREGON', 'BROWN AND BROWN OF LOUISIANA, INC.', 'BROWN & BROWN OF INS FL INC', 'BROWN & BROWN OF ILLINOIS INC', 'BROWN & BROWN INS AGCY OF VIRGINIA', 'BROWN AND BROWN OF VIRGINIA', 'BROWN & BROWN OF WI INC', 'BROWN & BROWN OF LOUISIANA INC', 'BROWN & BROWN OF MA', 'BROWN & BROWN INS', 'BROWN & BROWN OF NEW YORK INC DBA', 'BROWN & BROWN OF ILLNOIS INC', 'BROWN AND BROWN OF MINNEAPOLIS, INC', 'BROWN & BROWN OF CENTRAL MI', 'BROWN AND BROWN OF MA LLC', 'BROWN AND BROWN OF ILLINOIS, INC.', 'BROWN AND BROWN OF OREGON, INC.', 'BROWN & BROWN INS AGCY OF VA', 'BROWN & BROWN OF CALIFORNIA INC.', 'BROWN & BROWN NY', 'BROWN & BROWN MINNEAPOLIS', 'BROWN & BROWN OD FLORIDA INC.', 'BROWN & BROWN INSURANCE OF', 'BROWN AND BROWN OF MN INC', 'BROWN & BROWN OF NEWYORK INC', 'BROWN AND BROWN INSURANCE OF GA,INC', 'BROWN AND BROWN OF OR', 'BROWN & BROWN OF NEW HAMPSHIRE INC', 'BROWN & BROWN OF WA INC', 'BROWN AND BROWN INC', 'BROWN & BROWN OF WASHINGTON INC', 'BROWN AND BROWN OF MARYLAND, INC.', 'BROWN AND BROWN OF OHOI, INC.', 'BROWN & BROWN OF LOUISIANA LLC', 'BROWN & BROWN-NATIONAL', 'BROWN & BROWN OF WASHINGON INC', 'BROWN & BROWN INS OF GA INC', 'BROWN & BROWN INS OF GA', 'BROWN AND BROWN OF PINELLAS, INC.', 'BROWN & BROWN OF WA', 'BROWN & BROWN OF THE LEHIGH VALLEY', 'BROWN & BROWN INS AGENCY', 'BROWN & BROWN OF SW FLORIDA INC', 'BROWN & BROWN OF ARIZONA, INC.', 'BROWN AND BROWN INS OF GEORGIA', 'BROWN AND BROWN INS OF GA', 'BROWN AND BROWN OKLAHOMA, INC.', 'BROWN AND BROWN OF LOUISIANA, LLC', 'BROWN & BROWN OF LEHIGH VALLEY INC', 'BROWN & BROWN OF NEW YORK (ALBANY)', 'BROWN AND BROWN OF WASHINGTON, INC', 'BROWN AND BROWN INS AGENCY OF VIRG', 'BROWN & BROWN SERVICES OF CA', 'BROWN & BROWN INSURANCE SERVICES,IN', 'COMMONWEALTH BROWN & BROWN INC', 'BROWN & BROWN INS AGENCY OF VIRGINI', 'BROWN AND BROWN OF CALIFORNIA INC', 'BROWN & BROWN OF MASSACHU', 'BROWN & BROWN OF CENTRAL MI INC', 'BROWN & BROWN AGENCY OF VIRGIN', 'BROWN & BROWN OF AZ INC', 'BROWN & BROWN INS SVS INC.', 'BROWN AND BROWN OF NEY YORK, INC.', 'BROWN & BROWN OF WASHINGTON-SEATTLE', 'BROWN AND BROWN OF NY INC', 'BROWN AND BROWN INS AGENCY OF VA', 'BROWN & BROWN OF MASACHUSETTS LLC', 'BROWN & BROWN INC OF DAYTONA BEACH', 'BROWN & BROWN OF OREGON INC', '490BROWN & BROWN OF ILLINOIS,', 'BROWN AND BROWN OF MISSOURI, INC.', 'BROWN & BROWN INSURANCE OF VIRGINIA', 'BROWN AND BROWN OF MASSACHUSETTS LL', 'BROWN & BROWN OF DEDHAM', 'BROWN & BROWN OF PA ANDERSON, PETER', 'BROWN AND BROWN OF NEVADA, INC,', 'BROWN & BROWN TX HOUSTON', 'BROWN & BROWN INSURANCE OF VA', 'BROWN AND BROWN OF ARKANSAS, INC', 'BROWN AND BROWN OF MASS LLC', 'BROWN & BROWN SERVICES INC', 'BROWN & BROWN OF FL INC- FT LAUDERD', 'BROWN AND BROWN OF COLORODO, INC.', 'BROWN AND BROWN OF OREGON', 'BROWN AND BROWN OF SOUTH CAROLIN', 'BROWN & BROWN INS AGENCY OF NY', 'BROWN & BROWN OF WASHINGTON INC DBA', 'BROWN AND BROWN MN INC', 'BROWN & BROWN INS OF VIRGINIA', 'BROWN & BROWN OF WASHINGTON TACOMA', 'BROWN & BROWN HEADQUARTERS', 'BROWN & BROWN OF MASSACHISETTS LLC', 'BROWN AND ASSOCIATES', 'BROWN & BROWN OF CENTRAL MICHIGAN', 'BROWN & BROWN AGENCY OF VA INC.', 'BROWN & ASSOCIATES', 'BROWN & BROWN OF NORTHERN CA INC', 'BROWN & BROWN INS AGNCY OF VIRGINIA', 'BROWN BROWN OF KENTUCKY INC', 'BROWN AND BROWN OF WISCONSIN, LLC', 'BROWN AND BROWN OF MICHIGAN, INC', 'BROWN AND BROWN VIRGINIA, INC.', 'BROWN AND BROWN OF KANSAS, INC.', 'BROWN & BROWN OF FL INC-DAYTONA BCH', 'BROWN & BROWN INS SRV OF CA', 'BROWN & BROWN OF FL INC-FT LAUDERDA', 'BROWN & BROWN INS AGENCY VA', 'BROWN & BROWN INSURANCE AG OF VA', 'BROWN & BROWN OF SWFL INC', 'BROWN & BROWN INS AGENCY VIRGINIA', 'BROWN & BROWN OF ORGEON LLC', 'BROWN & BROWN INSURANCE CO', '490 BROWN & BROWN OF ILLINOIS,', 'BROWN & BROWN INSURANCE AGENBCY OF', 'BROWN&BROWN INS AGENCY OF VIRGINIA', 'BROWN AND BROWN OF WA INC', 'BROWN & BROWN INS SVCS OF CA', 'BROWN AND BROWN OF DETROIT INC', 'BROWN AND BROWN OF OREGON LLC', 'BROWN & BROWN OF CENTRAL MICH', 'BROWN & BROWN INSURANCE SERIVCE', 'BROWN & BROWN NW', 'BROWN & BROWN NEW YORK, INC', 'BROWN AND BROWN OF FL INC CLEARWAT', 'BROWN & BROWN INSURANCE CO OF VIRGI', 'BROWN AND BROWN INS AGENCY VA, INC', 'BROWN & BROWN OF NEVADA INC', 'BROWN & BROWN OF FL INC - FT. LAUD', 'BROWN & BROWN OF FLORIDA, INC. - DA', 'BROWN & BROWN INS OF VA', 'BROWN & BROWN OR OREGON LLC', 'BROWN & BROWN INS SRVC OF CA', 'BROWN & BROWN OF ALBANY INC', 'BROWN AND BROWN OF WISONSIN, INC.', 'BROWN & BROWN OF COLORADO INC', 'BROWN & BROWN INS SVC INC', 'BROWN AND BROWN INSURANCE OF GEORGI', 'BROWN & BROWN INS SRVS OF CA INC', 'BROWN AND BROWN OF WASHINGTON', 'BROWN & BROWN BENEFIT CONSULTANTS', 'BROWN & BROWN FLORIDA- JACKSONVILLE', 'BROWN & BROWN NORTHWEST', 'BROWN & BROWN OF MA DBA STRATEGIC', 'BROWN & BROWN INS SERVICES LLC', 'BROWN & BROWN INS SRVS OF CA', 'BROWN & BROWN INSURANCE OF MN', 'BROWN & BROWN OR NEW YORK', 'BROWN & BROWN INS OF NEW YORK', 'BROWN & BROWN-DORAL', 'BROWN AND BROWN INSURANCE', 'BROWN & BROWN INS AGY OF NV INC', 'BROWN AND BROWN DBA HAYS COMPANIES', 'BROWN AND BROWN OF ARIZONA INC.', 'BROWN AND BROWN OF NEW HAMPSHIRE', 'BROWN AND BROWN OF COLORADO, INC', 'BROWN AND BROWN MA, INC.', 'BRWON AND BROWN OF TEXAS, INC.', 'BROWN & BROWN, INC./JERRY NICHOLS', 'BROWN & BROWN OF EMPIRE STATE', 'BROWN & BROWN INS SVC OF CALIFORNIA', 'BROWN & BROWN INSUR. OF NEV.', 'BROWN & BROWN INSURANCES INC', 'BROWN & BROWN INS SERVICE OF CA', 'BROWN & BROWN FL JACKSONVILLE', 'BROWN & BROWN FL MAITLAND', 'BROWN & BROWN INSURANCE AGENCY', 'BROWN & BROWN INSURANCE VA', 'BROWN & BROWN INS SVC OF CA', 'BROWN & BROWN DBA HAYS COMPANIES-BO', 'BROWN & BROWN INS SERVICE INC.', 'BROWN & BROWN INS SERVICES INC', 'BROWN AND BROWN OF ILLINOIS', 'BROWN & BROWN OF CNTRL MI INC', 'BROWN & BROWN INS SVC', 'BROWN & BROWN KANSAS CITY', 'BROWN & BROWN INSURANCE SVC INC', 'BBROWN INC', 'BROWN & BROWN INSURANCE OF CA', 'BROWN & BROWN OF GARDEN CITY', 'BROWN & BROWN INS SER OF CA INC', 'BROWN & BRWON OF CALIFORNIA, INC.', 'BROWN AND BROWN INS SVCS INC', 'BROWN AND BROWN INS. SERVICES, INC', 'BROWN & BROWN INS SVCS INC-NEW YORK', 'BROWN AND BROWN OF ORGEON LLC', 'BROWN& BROWN INSURANCE', 'BROWN & BROWN INSURANCE SVCS', 'BROWN & BROWN INSURANCE-LOUISVILLE', 'BROWN&BROWN OF FLORIDA,INC.DAYTONA', 'BROWN AND BROWN WISCONSIN, INC.', 'BROWN AND BROWN IF NEW YORK, INC.', 'BROWN AND BROWN OF MASSACHESETTES', 'BROWN & BROWN INS SVS OF CA', 'BROWN AND BROWN OF FL INCCLEARWAT', 'BROWN & BROWN OF PA LP', 'BROWN & BROWN OF WA - TACOMA', 'BROWN AND BROWN OF WISCONSIN', 'BROWN & BROWN OF FL INC-HOMESTEAD', 'BROWN & BROWN OF HEADQUARTERS', 'BROWN AND BROWN OF CENTRAL MI', 'BROWN & BROWN MASSACHUSETTS', 'BROWN & BROWN ROCHESTER NY', 'BROWN & BROWN INS SRV', 'BROWN & BROWN INS SRVCS', 'BBROWN OF FLORIDA INC', 'BROWN BROWN INSURANCE OF GEORGIA', 'BROWN AND BROWN INS OF ARIZONA', 'BROWN AND BROWN OF MA', 'BROWN & BROWN INSURANCE- LOUISVILLE', 'BROWN & BROWN INS SVC OF CA INC', 'BRWON AND BROWN OF FLORIDA, INC.', 'BROWN & BROWN IN C', 'BROWN & BROWN INSURANCE OF NEVADA', 'BROWN & BROWN BENEFIT ADVISORS', 'BROWN AND BROWN INSURANCE OF NEVADA', 'BROWN AND BROWN MICHIGAN, INC.', 'BROWN & BROWN INS SERVCIES OF CA', 'BROWN & BROWN INSURANCE SVC OF CA', 'BROWN & BROWN INS SVC SAN ANTONIO', 'BROWN & BROWN OR INSURANCE SERVICES', 'BROWN BROWN OF PA INC', 'BROWN & BROWN INS OF ARIZONA', 'BROWN & BROWN OF NEW MEXICO INC', 'BROWN AND BROWN OF NEW MEXICO, INC.', 'BROWN BROWN OF LA LLC', 'BROWN & BROWN OF OREGON LLC MEDFORD', 'BROWN & BROWN OF CT DBA DILL JOYCE', 'BROWN AND BROWN INSURANCE AGENCY', 'BROWN & BROWN OF FL INC-PINELLAS', 'BROWN & BROWN DAYTONA BEACH', 'BROWN & BROWN INSURANCE SERV', 'BROWN & BROWN PACIFIC', 'BROWN & BROWN INS SERVICE', 'BROWN AND BROWN INSURANCE SVCS', 'BROWN & BROWN INSURANCE SERVIC', 'BROWN & BROWN OF NEW YORK INC ROCHE', 'BLUE CROSS BLUE SHIELD TENNESSEE', 'BORWN & BROWN OF FLORIDA', 'BROWN&BROWN INS SERVICES OF CA', 'BROWN & BROWN OF FL INC - HOMESTEAD', 'BROWN AND BROWN OF MASS', 'BROWN & BROWN OF FL INC - CLEARWATE', 'BROWN & BROWN FL DAYTONA BEACH', 'BROWN & BROWN INSURANVE SVC OF CA', 'BROWN & BROWN INSURACE VIRGINIA', 'BROWN & BROWN INS OF NEVADA', 'BROWN & BROWN BENEFIT ADVISORS INC', 'BROWN & BROWN INSURANCE SRV INC.', 'BROWN & BROWN INS BENEFITS INC', 'BROWN & BROWN INS SVCS INC - NY', 'BROWN AND NOYLES, LLC', 'BROWN & BROWN INSURANCE SVCS OF CA', 'BROWN AND BRWON OF NEW YORK INC', 'BROWN & BROWN INS. SERV INC.', 'BROWN & BROWN INSURANCE NEVADA', 'BOWN & BROWN OF OREGON LLC', 'BROWN & BROWN OF KENTUCKY-PATRICK M', 'BROWN & BROWN OF WA INC TAC', 'BROWN & BROWN INSURANCE AGENCY VA', 'BROWN & BROWN INS OF ARIZONA INC TO', 'BROWN&BROWN INSURANCE AGENCY OF VA', 'BROWN & BROWN INSURANCE SE', 'BROWN & BROWN INSURANCE SEVICES', 'BROWN & BROWN INS SERVICES OF NV', 'BROWN, EDWARDS & COMPANY, LLP', 'BRWON & BROWN OF NEW YORK, INC.', 'BROWN & BROWN INS OF ARIZONA INC', 'BROWN & BROWN INSURANCE SVS OF CA', 'BROWN AND BROWN INSURANCE SERV', 'BOWN & BROWN INS SERVICES OF CA', 'BROWN & BROWN OF NEW YORK DBD OPUS', 'BROWN & BROWN OF GARDEN CITY INC', 'BROWN COMPANY INSURANCE AGENCY, INC', 'BROWN & BROWN METRO LLC', 'BROWN & BROWN FL FORT LAUDERDALE', 'BROWN EDWARDS & COMPANY', 'BROWN AND BROWN WISCONSIN, LLC', 'BROWN & BROWN FL PLANTATION', 'BROWN & BROWN INS OF NV', 'BROWN & BROWN EMPIRE STATE', 'BROWN & BROWN MA SOUTHBORO', 'BROWN, BROWN & GOMBERG, LTD.', 'BROWN & BROWN INSU8RANCE SERVICES', 'BROWN BROWN OF MICHIGAN, INC.', 'BROWN & BROWN INSURANCE SERV OF CA', 'BROWN & BROWN OF ARIZONA (PHO)', 'BROWN & BROWN MA DEDHAM', 'BROWN & BROWN - FORT LAUDERDALE', 'DOUGLAS KING, BROWN & BROWN OF NY', 'BROWN & BROWN OF OR - TIMOTHY C', 'BROWN & BROWN OF MA LLC DBA STRATEG', 'BROWN & BORNW OF WASHINGTON INC', 'BROWN & BROWN FL HOMESTEAD', 'BROWN & BROWN RS INSURANCE SERVICES', 'BROWN BROWN OF KENTUCY INC', 'BROWN AND NOTES, LLC', 'BROWN AND BROWMN OF MICHIGAN, INC.', 'BROWN AND BROWN OF HAWAII, INC.', 'BROWN & BROWN INS OF AZ INC', 'BROWN & BROWN OF INDIANA, LLC-RICHA', 'BROWN & BROWN INSURANCE OF NV', 'BROWN AND BROWN INSURANCE SERVIC', 'BROWN & BROWN INSURANCE SRVCS INC', 'BROWN & BROWN DEALER SERVICES INC', 'BROWN & BROWN INSURANCE LACROSSE', 'BROWN & BROWN ILLINOIS OAK BROOK', 'BROWN & BROWN INS OF NV INC', 'BROWN AND BROWN INS OF NV INC', 'BROWN & BROWN AGENCY OF WA INC.', 'BROWN AND BROWN INS. SERVICE', 'BROWN AND BROWN INS OF NV', 'BROWN & BROWN INSURANCE OF NEV', 'BROWN & BROWN MO ST LOUIS', 'BROWN & BROWN METRO INC', 'BROWN & BROWN INSURANCE SRVS', 'BROWN & BROWN INSURANCE OF NEVADA I', 'BROWN & BROWN OF NEW YORK INC - MAR', 'BROWN & BROWN INSURANCE AGENCEY', 'BROWN & NOYES LLC', 'BROWN AND BROWN OF NEW YORK INK', 'BROWN & BROWN INSURANCE AGENCY SERV', 'BROWN & BRON INSURANCE OF ARIZONA', 'BROWN&BROWN INSURANCE SERVICES INC', 'HAYS COMPANIES DBA BROWN & BROWN', 'BROWN & BROWN PAC INS', 'BROWN & BRON INS OF AZ', 'BROWN & BROWN FL NAPLES', 'BROWN & BROWN RS INSURANCE SVCS LLC', 'BROWN & BROWN BENEFIT ADVSISORS INC', 'BROWN & BROWN INSURANCE SVCS OF NV', 'BROWN & BRWN INS SVCS OF CA', 'BROWN & BROWN PACIFIC INS SVC, INC.', 'BROWN & BROWN INSURANCE OF NEVEDA', 'TENNESSEE INSURANCE SERVICE INC', 'BROWN & BROWN PACIFIC INS SRVC, INC', 'BROWN & BROWN OF NY DBA OPUS ADV', 'BROWN & BROWN INSURANCE SVCS NEVADA', 'YOZELL INSURANCE, BROWN & BROWN OF', 'BROWN AND BROWN INSURANCE OF NV', 'BROWN & BROWN INSURANCE SRVS CA', 'BROWN & BROWN INS SVCS INC - TACOMA', 'BROWN & BROWN NY WHITE PLAINS', 'BROWN & BROWN OF NY DBA OPUS ADVISO', 'BROWN & BROWN OF WA DBA DIMARTINO', 'BROWN & BROWN NORTHWEST INSURANCE', 'BROWN AND NOYES LLC', 'BROWN & BROWN LONE STAR INS SVC', 'BROWN & BROWN INS SVS OF CA-SITZMAN', 'HAYS COMPANIES INC A BROWN & BROWN', 'BROWN & BROWN INSURANCE CO OF NV', 'BROWN & BROWN DBA PIPER JORDAN', 'BROWN & BROWN - FT LAUDERDALE, FL', 'BROWN & BROWN INSURAWNCE SRVS OF CA', 'HAYS COMPANIES, INC./BROWN & BROWN', 'BROWN & BROWN /JERRY NICHOLS', 'BROWN & BROWN LONE STAR INSURANCE', 'BROWN & BROWN INSURANCE AGENCY OF V', 'BROWN & BROWN CENTRAL MICHIGAN', 'BROWN & BROWN INSURANCE SERV OF NV', 'BROWN & BROWN LONE STAR INS', 'BROWN & BROWN UNSRUANCE OF NEVADA', 'BROWN & BROWN OF FLORIDA INC-WEST P', 'BROWN & BROWN LONE STAR', 'BROWN & BROWN - DAYTONA BEACH, FL', 'BROWN * BROWN (PA)', 'BROWN & BROWN DBA ALPHA BENEFITS', 'BROWN & BROWN PACIFIC INS. SVCS.', 'BROWN & BROWN PACIFIC INSURANC', 'BROWN & BROWN PACIFIC INSURANCE SVC', 'BROWNES AND NOYES, LLC', 'BROWN & BROWN INS SVCS - EMPIRE', 'BROWN AND BROWN LONE STAR INS', 'BROWN & BROWN METRO INSURANCE', 'BROWN & BROWN OF NYDBA OPUS ADV', 'BROWN & BROWN MN NORTH MANKATO', 'BROWN & BROWN LONG STAR INS SVCS.', 'BROWN & BROWN METRO', 'BROKER & BROWN INS SERVICES INC', 'BROWN & BROWN INSURANCE BENEFITS', 'BROWN AND BROWN PACIFIC INSURANCE', 'BROWN & BROWN INS VERO', 'BROWN & BROWN INSURANCE NV INC', 'BROWN & BROWN PACIFIC INS. SERVICES', 'GARY R PICKEL; BROWN & BROWN INC', 'BROWN & BROWN PACIFIC INS', 'BROWN & BROWN INSURANCE SERVICES NV', 'BROWN & BROWN INS - KELLY LAGROW', 'BROWN AND BROWN METRO INC', 'BROWN & BROWN OF ILLINOIS DBA VISTA', 'WORD & BROWN INS. ADMINISTATORS', 'BROWN & BROWN - DORAL', 'BROWN HILLER CLARK & ASSOC', 'BROWN & BROWN OF WA INC DBA DIMARTI', 'BROWN & BROWN LONE STAR INS SERVICE', 'BROWN AND BROWN DBA PIPER JORDAN', 'BROWN & BROWN PACIFIC INS SVSC INC', 'BROWN & BROWN DBA PACIFIC RESOURCES', 'BROWN AND BROWN EMPIRE STATE']",[]
HAUSER INC,"['HAUSER INSURANCE INC', 'HAUSER, INC.(CINCINNATI,OH)', 'THE HAUSER GROUP']","['ART HAUSER INS INC', 'JAMES R HAUSER, INC.']"
"CUSTOM BENEFITS PROGRAMS, AON CO.","['CUSTOM BENEFIT PROGRAMS INC AN AON', 'CUSTOM BENEFITS PRO INC. AN AON CO', 'CUSTOM BENEFITS PROG INC AN AON CO', 'CUSTOM BENEFIT PROGRAMS,INC.', 'CUSTOM BENEFIT PROGRAMS, INC. & CO.', 'AON BENEFIT SERVICES INC.', 'CUSTOM BENEFITS PROGRAM', 'CUSTOM BENEFIT PROGRAM INC', 'CUSTOM BENEFIT PROGRAMS INC DBA', 'CUSTOM BENEFIT PROGRAMS LLC', 'CUSTOM BENEFIT PROGAMS INC.', 'CUSTOM BENEFITS, INC.', 'CUSTOM BENEFIT PLANS INC', 'CUSTOM BENEFIT SERVICES, INC.', 'CUSTOM BENEFIT PROS, INC.', 'CUSTOM BENEFIT PROGAMS INC. DBA', 'CUSTOM BENEFITS PROG INC', 'CUSTOM BENEFITS GROUP INS', 'CUSTOM BENEFIT SOLUTIONS INC.', 'CUSTOM BENEFIT PROG INC', 'CUSTOM BENEFITS GROUP', 'CUSTOM BENEFIT CONSUTANTS INC.', 'CUSTOM BENEFIT CONSULTANS INC', 'CUSTOM BENEFIT CONSULTANTS', 'CUSTOMIZED BENEFIT SOLUTIONS INC', 'CUSTON BENEFITS PROGRAMS INC', 'CUSTOMIZED BENEFIT SOLUTIONS', 'CUSTOMER BENEFITS PROGRAM INC', 'CUSTOM BNFIT PRGMS, INC. AN AON CO.']",[]
LOCKTON CO LLC,"['LOCKTON COMPANY LLC', 'LOCKTON COMPAIES LLC', 'LOCKTON COMPANIES,LLC', 'LOCKTON COMPANIES INC', 'LOCKTON COMPANIES LLC DBA', 'LOCKTON COMPANIES OF CO INC', 'LOCKTON COMPANIES LLC 015399', 'LOCKTON INSURANCE LLC', 'LOCKTON COMPANIES LLC TX', 'LOCKTON COMAPNIES, LLC', 'LOCKTON SPECIALTIES LLC', 'LOCKTON SPECIALITIES LLC', 'LOCKTON COMANIES, LLC.', 'LOCKTON COMPANIES LLC (DC)', 'LOCKTON OMPANIES LLC', 'LOCKTON COMPANEIS, LLC', 'LOCKTON COMPANIES LLC 354970', 'LOCKTON COMPANIES,LLC-6129', 'LOCKTON AGENCY LLC', 'LOCKTON INSURANCE COMPANIES, LLC', 'LOCKTON COMPANIES, LLC-LOCKT', 'LOCKTON COMPANIES LLC (CA)', 'LOCKTON COMPANIES LLC TEXAS', 'LOCKTON COMAPANIES, LLC', 'LOCKTON COMPANIES LLC CONTRACT', 'LOCKTON COMPANIES LLC (ATLANTA)', 'LOCKTON COMPANIES, LLC-HOME OFFICE', 'LOCKTON SPEICALTIES, LLC', 'LOCKTON COMPANIES, LLC - SOUTH', 'LOCKTON COMPANIES, LLC AND OTHERS', 'LOCKTON COMPANIES, LLC DEPT 3042', 'LOCKTON COMPANIES LLC NORTHEAST', 'LOCKTON COMPANIES LLC - GA', 'LOCKTON COMPANIES LLC DEPT 999228', 'LOCKTON CMPANIES LLC', 'LOCKTON COMPANIES, LLC-MOUNT', 'LOCKTON INVESTMENT SECURITIES,LLC', 'LOCKTON COMPANIES, LLC (SOUTHE', 'LOCKTON COMPANIES, LLC (KC, MO)', 'LOCKTON COMPANIES BROKERS LLC', 'LOCKTON COMPANIES LLC DALLAS', 'LOCKTON COMPANIES, LLC HOUST', 'LOCKTON INVESTMENT SECURITIES LLC', 'LOCKTON - CT', 'LOCKTON COMPANIES, LLC - NY, NY', 'LOCKTON COMPANIES LLC DALLAS, TX', 'LOCKTON COMPANIES LLC (MIDWEST)', 'LOCKTON COMPANIES LLC-LOCKTON DUNNI', 'LOCKTON AFFINITY LLC', 'LOCKTON COMPANIES LLC NE SERIES', 'LOCKTON CO., LLC AND OTHER AGENTS', 'LOCKTON COMPANIES, LLC-DALLAS', 'LOCKTON INVESTMENT SECURITES LLC', 'LOCKTON COMPANIES, LLC-HOUST', 'LOCKTON COMPANIES LLC - CHARLOTTE', 'LOCKTON BENEFIT COMPANIES, LLC', 'LOCKTON COMPANIES - GA', 'LOCKTON COMPANIES,LLC (LOCKTON-DUNN', 'LOCKTON INSURANCE BROKERS LLC', 'LOCKTON COMPANIES LLC KANSAS CITY', 'LOCKTON COMPANIES LLC - MICHIGAN', 'LOCKTON COMPANIES OF ST LOUIS', 'LOCKTON COMPANIES LLC LA JOLLA CA', 'LOCKTON COMPANIES LLC (WASH DC SER)', 'LOCKTON FINANCIAL ADVISORS LLC', 'LOCKTON BENEFIT COMPANY', 'LOCKTON COMPANIES LLC C/O COMMERCE', 'LOCKTON COMPANIES LLC C/O BANK AMER', 'LOCKTON COMPANIES, LLC- MOUNT', 'LOCKTON COMPANIES LLC (SE SERIES)', 'LOCKTON COMPANIES, LLC FOUNDER', 'LOCKTON COMPANIES,LLC (NORTHEAST SE', 'LOCKTON COMPANIES, LLC - DALLA DEPT', 'LOCKTON COMPANIES LLC (DUNNING)', 'LOCKTON COMPANIES LLC DENVER SERIES', 'LOCKTON COMPANIES - CHICAGO, IL', 'LOCKTON COMPANIES LLC (KC SERIES)', 'LOCKTON COMPANIES (NE SERIES)', 'LOCKTON COMPANIES, LLC (HARTFORD SE', 'LOCKTON COMPANIES LLC - FLORI', 'LOCKTON COMPANIES - BOSTON', 'LOCKTON CO, LLC CHICAGO SERIES', 'LOCKTON LLC, C/O COMMERCE BANK', 'LOCKTON COMPANIES - ST. LOUIS, MO', 'LOCKTON COMPANIES, LLC - FOUNDERS', 'LOCKTON CO., LLC (PACIFIC SERIES)', 'LOCKTON CO., LLC DALLAS SERIES', 'LOCKTON COMPANIES LLC WASHINTON DC', 'LOCKTON COMPANIES LLC (CHICAGE SER)', 'LOCKTON COMPANIES - MINNEAPOLIS', 'LOCKTON INSURANCE LLC- LA', 'LOCKTON COMPANIES - DALLAS TX', 'LOCKTON COMPANIES - CHARLOTTE, NC', 'LOCKTON COMPANIES DEPT 3042', 'LOCKON COMPANIES LLC', 'LOCKTON COMPANIES - KANSAS CITY', 'LOCKTON FINANCIAL ADVISORS', 'LOCKTON COMPANIES & OTHER AGENTS', 'LOCKTON COMPANIES AND OTHER AGENTS', 'LOCKTON COMPANIES, LLC MOUNTAIN WST', 'LOCKTON COMPANIES LLC - NASHVILLE', 'LOCKTON COMPANIES - DALLAS', 'LOCKTON COMPANIES LLC - SAN FRAN', 'LOCKTON COMPANIES LLC, C/O BOA', 'LOCKTON COMPANIES, LLC (MTN. WEST)', 'LOCKTON COMPANIES - TAMPA FL', 'LOCK COMPANIES LLC LOCKTON-DUNNING', 'LOCKTON COMPANIES, LLC- CHICA', 'LOCKTON COMPANIES - KANSAS CITY, MO', 'LOCKTON COMPANIES, LLC - CHICAGO SE', 'LOCKTON CO., LLC-CHICAGO SERIES', 'LOCKTON COMPANIES - FARMINGTON, CT', 'LOCKTON COMPANIES, LLC - KANSA', 'LOCKSTON COMPANIES LLC', 'LOCKTON COMPANIES LLC - MIDWEST SER', 'LOCKTON INSURANCE BROKER', 'LOCKTON COMPANIES LLC - MIAMI MKT', 'LOCKTON COMPANIES LLC CO BANK OF A', 'LOCKTON COMPANIES, LLC(CHICAGO SER)', 'LOCKTON INSURANCE BROKERS', 'LOCKTON COMPANIES, LLC--JON SNEAD', 'LOCKTON COMPANIES - KC SERIES', 'LOCKTON COMPANIES - NASHVILLE', 'LOCKTON COMPANIES LLC-MATTHEW TRITZ', 'LOCKTON COMPANIES, LLC (MOUNTAIN WE', 'LOCKTON COMPANIES - MOUNTAIN', 'LOCKTON DUNNING BENEFIT COMPANY', 'LOCKTON COMPANIES C/O COMMERCE BANK', 'LOCKTON COMPANIES, LLC (MATTHEW SWE', 'LOCKTON BENEIFTS GROUP', 'LOCKTON GA - NORTHWEST', 'LOCKTON COMPANIES - MOUNTAIN WEST', 'LOCKTON - KANSAS CITY', 'LOCKTOWN COMPANIES LLC', 'LOCTON COMPANIES LLC', 'LOCKTON COMPANIES - PACIFIC SERIES', 'LOCTON COMPANIES,LLC', 'LOCKTON COMPANIES - KS CITY SERIES', 'LOCK COMPANIES LLC', 'LOCKTON DUNNING BENEFITS', 'LCOKTON COMPANIES, LLC', 'LOCKTON COMPANIES MOUNTAIN W SERIES', 'DENVER SERVICES OF LOCKTON CO', 'LOSKTON COMPANIES LLC', 'THE NY SVCS OF LOCKTON COMPANIES', 'SOUTHEAST SERIES OF LOCKTON COMPANI', 'LOCKTON DUNNING BENEFIT DEPT 3042']",[]
CHIMIENTI & ASSOCIATES,"['CHIMIENTI AND ASSOCIATES', 'CHIMIENT & ASSOCIATES', 'CHIMIENTI AND ASSOCIATES INS. SVCS.', 'CHIMIENTI & ASSOCIATES INS. SVCS.', 'CHIMIENTI & ASSOC INS SVC', 'CHIMIETI & ASSOCIATES INSURANCE']",[]
RELATION INSURANCE SERVICES,"['RELATION INSURANCDE SERVICES', 'RELATION INSURANCE SERVICES IN', 'RELATIONS INSURANCE SERVICES', 'RELATION INSURANCE SERVICES INC DBA', 'RELATION INSURANCE', 'RELATION INS SERVICES INC', 'RELATION INSURANCE SERVICE OF CA', 'RELATIONS INSURANCE', 'RELATION INSURANCE SERVICES OF NORT', 'RELATION INSURANCE SERVICES OF GEOR', 'RELATION INSURANCE SRV.OF CA, INC.', 'RELATION INSURANCE SVCS OF CA', 'RELATION INS SERVICES OF CA INC', 'RELATION INSURANCE SERVICES GREAT L', 'RELATION INS. SERVICES OF CA', 'RELATION INSURANCE SVCS OF NC', 'RELATION INSURNACE SVCS. OF CA INC.', 'RALATION INSURANCE SERVICES, INC.', 'RELATION INS. SERVICES OF FLORIDA', 'RELATION INSURANCE SERVICES DBA PRE', 'RELATION INSURANCE SRVS DBA PREMIER', 'RELATION INS SERVICES OF NC, INC', 'RELATION INS. SVCS. OF CALIFORNIA', 'REALTION INSURANCE SERVICES OF CA', 'RELATIONS INS. SERVICES OF CA, INC.', 'RELATION INS SERV OF CA INC', 'TOTAL INSURANCE SERVICES', 'RELATION INS. SVCS OF N. CAROLINA', 'GENERAL INSURANCE SERVICES', 'RELATION INS SERVICES GREAT LAKES', 'CAN INSURANCE SERVICES', 'RELATION INSURANCE - FOR MARIANELA']",[]
BURNHAM BENEFIT INSURANCE SERVICE,"['BURNHAM BENEFITS INSURANCE SVCS', 'BURNHAM BENEFITS INSURANCE', 'BURNHAM BENEFITS INSURANCE AGENCY', 'BURNHAM BENEFITS INS SERVICES', 'BURNHAM BENEFITS SERVICES', 'BURNHAM BENEFTS INSURANCE SER', 'BURNHAM BENEFITS INS SVCSS', 'BURNHAM BENEFITS SERVICES, LLC', 'BURNHAM BENEFITS INS SVCS', 'BURNHAM BENEFITS', 'BURNHAM BENEFITS INS SVCS A BRP CO', 'BURNHAM FINANCIAL SERVICES', 'LIFE PLANS INC DBA BURNHAM BENEFITS', 'BURNHAM BENEFITS-LOS ANGELES', 'BURNHAM FINANCIAL SERVICES LLC', 'BURHAM BENEFITS INSURANCE SER', 'BURNAM FINANCIAL SERVICES, LLC']",[]
CBIZ BENEFIT & INSURANCE SERVICE,"['CBIZ BENEFIT AND INSURANCE SERVICE', 'CBIZ BENEFIT&INSURANCE SERVICES INC', 'CBIZ BENEFITS & INSURANCE SEVICES', 'CBIZ BENEIFITS & INSURANCE SERVICES', 'CBIZ BENEFITS & INSURANCE COMPANY', 'CBIZ BENEFITS & INSURANCE SERV', 'CBIZ BENEFITS AND INSURANCE SVCS', 'CBIZ BENEFITS INSURANCE', 'CBIZ BENEFITS & INSURANCES SVCS', 'CBIZ BENEFITS & INSURNACE SERVICES', 'CBIZ BENEFIT AND INS SERVICES', 'CBIZ BENEFITS & INSURANE SERV', 'CBIZ BENEFITS & INSURNACE SVCS INC', 'CBIZ BENEFITS INSURANCE SVCS', 'CBIZ BENEFITS & INSURANCE SRVC', 'CBIZ BENEFITS AND INSURANCE', 'CBIZ BENEFITS & INSURE', 'CBIZ BENEFITS & SERVICES, INC.', 'CBIZ BENEFITS & INS SVC INC', 'CBIZ BENEFITS & INS SERVICE INC', 'CBIZ BENEFITS INS SERVICES', 'CBIZ BENEFITS & INSURANCE SVS INC', 'CBIZ BENEFITS & INS SVCS', 'CBIZ BENEFITS & SERVICES', 'CBIZ BENEFITS AND INS SERVICES', 'CBIZ BENEFITS & INS SERV INC.', 'CBIZ BENEFITS, INC.', 'CBIZ BENEFITS AND INS', 'CBIZ BENEFITS AND INS SVCS', 'CBIZ BENEFITS & INS SERVICES INC-MO', 'CBIZ BENEFITS AND INS. SRVS., INC.', 'CBIZ BENEFITS AND INS SERV INC', 'CBIZ BENEFITS & INS SERVICES INC-NJ', 'CBIZ BENEFITS', 'CBIZ BEN. AND INS. SERVICES, INC.', 'CBIZ INSURANCE SERVICES', 'CBIZ BENEFITS & INS SVS INC', 'CBIZ BENEFITS NSURANCE SERVICES', 'CBIZ EMPLOYEE BENEFITS', 'CBIZ BENEFITS INSURANCE OF MARYLAND', 'CBIZ BENEFITS & INSRUANCE SCVS INC', 'CBIZ BENEFITS & INS SVD', 'CBIZ BENEFITS & INSURANCE OF MD', 'CBIZ BNFTS & INSURANCE SERVICES INC', 'CBIZ EFITS & INSURANCE SERVICES', 'CBIZ BENEFITS & INS SVD- BOCA', 'CBIZ BENEFITS & INS SVD BOCA RATON', 'CBIZ, INC.', 'CBIZ FINANCIAL SOLUTIONS', 'CBIZ FINANCIAL SOLUTIONS INC', 'CBIZ BNFITS & INS SVCS INC', 'CBIZ WORKSITE SERVICES, INC.', 'CBIZ RETIREMENT PLAN SERVICES INC.', 'CBIZ RETIREMENT PLAN SERVICES', 'CBIZ INSURANCE SERVICES, INC. - MD', 'CBIZ BNFTS AND INSURANCE SRVCS INC', 'CBIS BENEFITS & INSURANCE', 'BENEFITS & INSURANCE SOLUTIONS, LLC', 'BENEFIT CONSULTING INSURANCE AGENCY', 'BENEFIT CONSULTING INSURANCE', 'BENEFITEDGE INSURANCE SERVICES', 'BENEFIT SERVICES INS AGENCY INC', 'BENEFIT CONCEPTS INC/BCI INSURANCE', 'CCAB INSURANCE & BENEFIT', 'CLIENT BENEFIT INSURANCE SERVICES', 'BENEFIT PRO INS SERVICES INC', 'CBIZ - MINNEAPOLIS, MN', 'BB&H BENEFIT DESIGNS INSURANCE SVC', 'BENEFIT SERVICE COMPANY', 'BENEFITS & INSURANCE SERVICES', 'CBIZ M T DONAHOE & ASSOCIATES LLC']",[]
LAYNE FINANCIAL INC,"['LAYNE FINANICAL INC.', 'LAYNE FINANAICAL INC', 'LAYNE FINNACIAL INC', 'LAYNE FINANCIAL AND OTHER AGENTS', 'LAYNE FINANCIAL & VARIOUS AGENTS']",[]
LAYTON FINANCIAL SERVICES INC,['LAYTON FINANCIAL SERVICES'],[]
CENTRO BENEFITS RESEARCH LL,"['CENTRO BENEFITS RESEARCHM LLC', 'CENTRO BENEFIT RESEARCH', 'CENTRO BENEFITS RESEACH', 'CENTRO BENEFITS RESEARCH INC', 'CENTRO BENEFITS RESEARCH GROUP LLC', 'CENTRO BENFITS RESEARCH LLC', 'CENTRO BENEFITS RESERCH LLC', 'CENTRO BENEFITS RESEARCH LLC LLC', 'CENTRO BENEFITS REASEACH LLC', 'CENTRO BENEFITS REASERCH', 'CENTRO BENEFIT RESEARCH LLC', 'CENTRO BENEFIS RESEARCH, LLC', 'CENTROBENEFITS RESEARCH LLC', 'CENTRO BENEFTS RESEARCH', 'CENTRO BENEIFTS RESEARCH, LLC', 'CENTO BENEFITS RESEARCH LLC', 'CENTROL BENEFITS RESEARCH LLC', 'CCENTRO BENEFITS RESEARCH LLC', 'CENTRO BENEITS RESEACH LLC', 'CENTRO BENEFITS', 'CENTRO BENEFITS LLC', 'CENTRAL BENEFITS RESEARCH LLC', 'CENTRO BENIFITS GROUP', 'CENTRO BENERITS RESEARCH LLC', 'CENTRO BENEFITS GROUP', 'CENTRO BENEFITS GROUP LLC', 'BENEFITS RESEARCH', 'CENRO BENEFITS RESEARCH LLC', 'CENTRO BENEFITS ADMN INC', 'CETRO BENEFITS RESEARCH LLC']",[]
OMS INSURANCE GROUP,"['OMS INSURANCE GROUP LLC', 'OMS INSURANCE GORUP', 'OMS INS GROUP', 'OMS INS GROUP LLC', 'OM SINSURANCE GROUP', 'OMS INS GORUP LLC']",[]
LOVITT AND TOUCHE INC,"['LOVITT & TOUCHE INC', 'LOVITT AND TOUCHE, LLC', 'LOVITT & TOUCHE', 'LOVITT & TOUCHE A MARSH MCLENNAN AG', 'LOVITT & TOUCHE A MARSH & MCLENNAN', 'LOVITT & TOUCHE A MARSH', 'LOVITT & TOUCHE, A MARSH AND MCLENN', 'LOVITT & TOUCHE, MARSH & MCLELLAN', 'LOVITT & TOUCHE / LYDIA CHAVES']",[]
CROSS BENEFIT SOLUTIONS,"['CROSS BENEFITS SOLUTIONS', 'CROSS BENEFIT SOLUTIONS INC', 'CORSS BENEFIT SOLUTIONS', 'CROSS BENEFIT SOLUTIONS, AUGUSTA ME', 'CROSS BENEFIT SOLUTIONS - WELLESLEY']",[]
M3 INSURANCE,"['M3 INSURANCE SERVICES', 'M3 INSURANCE SOLUTIONS', 'M3 INSURANCE SOLUTIONS,INC.', 'M3 INSURANCE SOLUTIONS INC DBA M3', 'M3 INSURANE SOLUTIONS, INC.', 'M3 INSURACE SOLUTIONS, INC.', 'M3 ISNURANCE SOLUTIONS INC', 'M3 INUSRANCE SOLUTIONS INC', 'M3 INSURANCE SOLUTIONS-BRADLEY J', 'M3 INSURANCE SOLUTIONS, INC. - BRAD', 'TOTAL INSURANCE', 'M3 INS SOULTIONS INC', '000PL394-M3 INSURANCE SOLUTIONS INC']","['M2 INSURANCE SOLUTIONS INC.', 'S3M INSURANCE SERVICES LLC', 'M3 FINANCIAL LLC']"
PLM SOLUTIONS,['PLM SOLUTIONS INC'],[]
EMPLOYEE NAVIGATOR LLC,"['EMPLOYEE NAVIGATOR,LLC', 'EMPLOYEE NAVIGATOR INC', 'EMPLOYEE NAVIGTAOR, LLC', 'EMPLOYEE NAVIGATION, LLC', 'EMPLOYER NAVIGATOR LLC', 'EMPLOYESS NAVIGATOR LLC', 'EMOLOYEE NAVIGATOR, LLC', 'EMPLOYER VAVIGATOR, LLC']",[]
